缺陷证据表 / Defect-Level Evidence,,,,,,,,,,,,,,,,
,,,,,,,,,,,,,,,,
Study ID,Article Title,Defect Code,Major Category,Subcategory,Coverage,Evidence Statement / 证据,Evidence Location,Impact Category,Evidence Provenance,Notes,列1,列2,列3,列4,列5,列6
TBD,"A systematic review on cybersecurity of robotic systems: vulnerabilities trends, threats, attacks, challenges, and proposed framework",ROS1-UTA,VUL,I,Partial,"The review states that ROS lacks a mechanism for regulating information distribution between nodes, allowing a network-visible node to transmit information on a topic. It also summarizes false-data injection, unauthorized node publishing, and unauthorized publisher/subscriber attacks.","Sec. 3.1.1, p. 13; Sec. 3.2.1, p. 18; Table 11, pp. 29–30",IMP-DT,EP-HIST,"Primary code. Explicitly discussed and supported by external studies, but not independently evaluated by this paper.",,,,,,
TBD,"A systematic review on cybersecurity of robotic systems: vulnerabilities trends, threats, attacks, challenges, and proposed framework",ROS1-LE,VUL,C,Partial,"The paper explicitly states that ROS messages can be transmitted without encryption, enabling eavesdropping, and discusses TLS/DTLS and encryption-based secure channels as countermeasures.","Sec. 3.1.1, p. 13; Sec. 3.2.1, p. 18; Table 11, p. 29",IMP-DS,EP-HIST,"Plaintext communication is explicitly described, but the authors perform no packet capture or independent ROS experiment.",,,,,,
TBD,"A systematic review on cybersecurity of robotic systems: vulnerabilities trends, threats, attacks, challenges, and proposed framework",ROS1-LNA,VUL,I,Partial,The review identifies poor authentication and unauthorized ROS nodes as common weaknesses and summarizes an authentication-server architecture intended to control which nodes may publish or subscribe.,"Sec. 3.2.1, p. 18; Table 11, p. 29",IMP-DT,EP-HIST,"Authentication weakness is explicit, but evidence is a secondary synthesis of earlier work.",,,,,,
TBD,"A systematic review on cybersecurity of robotic systems: vulnerabilities trends, threats, attacks, challenges, and proposed framework",ROS1-LFQ,VUL,A,Partial,"The paper reviews ROS middleware DoS attacks caused by large numbers of unauthorized publishers or subscribers. It reports increased processing, storage consumption, network unresponsiveness, message delay, and packet loss.","Sec. 3.1.1, p. 13; Sec. 4 discussion, p. 27; Table 11, pp. 29–30",IMP-RE,EP-HIST,"The DoS mechanism is consistent with malicious high-rate publishing and connection occupation, but the experiments belong to cited studies rather than this review.",,,,,,
TBD,Cyber security of robots: A comprehensive survey,ROS1-UTA,VUL,I,Partial,"The survey reports that an attacker inside a ROS network can send shutdown commands, publish adulterated messages, manipulate velocity commands, inject false or malicious data, and access ROS services without sufficient authorization.","Sec. 3.3, p. 5; Sec. 5.3, p. 9; Sec. 6.5, p. 12; Sec. 8.2, p. 13",IMP-DT,EP-HIST,"Primary code. The weakness and attack consequences are explicitly synthesized from previous studies, but this paper does not independently execute or evaluate the attacks.",,,,,,
TBD,Cyber security of robots: A comprehensive survey,ROS1-LE,VUL,C,Partial,"The paper identifies unsecured ROS-to-ROS and node-to-node ports that communicate in plaintext. It also summarizes plain-text communications, unencrypted storage, and encryption-based countermeasures for protecting ROS node communication.","Sec. 3.3, p. 5; Sec. 4.3, pp. 7–8; Sec. 6.1, p. 10",IMP-DS,EP-HIST,"Directly matches absent channel protection in ROS 1, but the evidence is secondary and no packet-level experiment is performed by the survey authors.",,,,,,
TBD,Cyber security of robots: A comprehensive survey,ROS1-LNA,VUL,I,Partial,"The survey explicitly describes weak ROS authentication, unauthorized or rogue nodes, and the ability of malicious nodes to execute commands or alter robot behavior. It reviews authentication nodes, authorization servers, web tokens, and trusted-node mechanisms as countermeasures.","Sec. 4.3, pp. 7–8; Sec. 5.3, p. 9; Sec. 6.5, p. 12; Sec. 8.2, p. 13",IMP-DT,EP-HIST,"The paper distinguishes unauthorized nodes and weak authentication from authorization of topic/service operations, supporting a separate LNA code.",,,,,,
TBD,Cyber security of robots: A comprehensive survey,ROS1-PNE,VUL,C,Partial,The paper states that publicly exposed ROS instances allow malicious users to access sensors and read images or other sensor information. It also cites an Internet-wide scan reporting more than 100 ROS Master instances accessible from the public Internet.,"Sec. 4.2, p. 7; Sec. 5.3, p. 9",IMP-DS,EP-HIST,Explicit evidence of external network reachability and public ROS Master exposure. The Internet scan was conducted by a cited study rather than by the survey authors.,,,,,,
TBD,"Robotics Cyber Security: Vulnerabilities, Attacks, Countermeasures, and Recommendations",ROS1-LE,VUL,C,Partial,The paper reviews cryptographic protection for ROS communication channels and the integration of TLS and DTLS into the ROS core. This explicitly indicates that baseline ROS communication requires additional channel protection to preserve confidentiality.,"Sec. V-E, “Cryptographic Solutions & Protocols,” p. 21",IMP-DS,EP-HIST,Primary code. The evidence is a secondary synthesis of cited ROS security studies; the authors do not independently intercept ROS traffic or evaluate plaintext communication.,,,,,,
TBD,"Robotics Cyber Security: Vulnerabilities, Attacks, Countermeasures, and Recommendations",ROS1-UTA,VUL,I,Partial,"The reviewed ROS security solution introduces fine-grained control over permission to publish, subscribe, or consume data. The paper therefore explicitly recognizes the need to restrict ROS communication operations through authorization controls.","Sec. V-E, “Cryptographic Solutions & Protocols,” p. 21",IMP-DT,EP-HIST,"This is discussed through a cited countermeasure rather than an independently demonstrated unauthorized publication, subscription, or service call.",,,,,,
TBD,Security in Robot Operating Systems (ROS): Analytical Review Study,ROS1-UTA,VUL,I,Partial,The paper states that ROS publishers cannot control who consumes their information and that unauthorized nodes can record data or publish injected messages. It further identifies access control over topic publishing and subscription as a necessary protection mechanism.,"Introduction, p. 2; Table 4, pp. 8–9; Table 6, p. 11",IMP-DT,EP-HIST,"Primary code. The issue is explicitly analyzed as a ROS security weakness, but evidence is synthesized from prior studies rather than independently demonstrated.",,,,,,
TBD,Security in Robot Operating Systems (ROS): Analytical Review Study,ROS1-LE,VUL,C,Partial,"ROS 1 network traffic is described as being transmitted in a basic, unprotected form, making it susceptible to packet eavesdropping, man-in-the-middle attacks, and network hijacking. The review states that encryption is required to protect confidential ROS information.","Sec. IV, p. 7; Table 4, p. 8",IMP-DS,EP-HIST,"Directly supports absent channel protection in ROS 1, but the authors conduct no packet capture or communication experiment.",,,,,,
TBD,Security in Robot Operating Systems (ROS): Analytical Review Study,ROS1-LNA,VUL,I,Partial,"The ROS 1 API is described as essentially anonymous, with no mechanism ensuring that received information originated from a legitimate node. The paper recommends cryptographic source verification and authentication.","Sec. IV, p. 7; Table 4, pp. 8–9",IMP-DT,EP-HIST,Supports missing node identity verification. The paper does not independently implement node impersonation or authentication bypass.,,,,,,
TBD,Security in Robot Operating Systems (ROS): Analytical Review Study,ROS1-PNE,VUL,C,Partial,The comparative analysis reviews Internet exposure detection through scans of ROS Master nodes. The open directions recommend testing reachability from outside the organization and installing firewalls to prevent exposure to public networks.,"Table 6, p. 11; Sec. VII and Table 7, p. 12",IMP-DS,EP-HIST,"External reachability is explicitly treated as a ROS security problem, but the scan results originate from a cited study.",,,,,,
TBD,Security in Robot Operating Systems (ROS): Analytical Review Study,ROS1-LFQ,VUL,A,Partial,"The review identifies a ROS denial-of-service scenario caused by unauthorized publishing at a high frequency, corresponding to malicious traffic overwhelming ROS communication or processing resources.","Table 6, p. 11",IMP-RE,EP-HIST,"Explicit high-rate publishing evidence supports flow-control and QoS weakness, but no attack is executed by the review authors.",,,,,,
TBD,Who Controls Your Robot? An Evaluation of ROS Security Mechanisms,ROS2-ILE,VUL,C,Full,"The authors determine that SROS 2/DDS-Security encrypts transmitted application data but sends access-control policies, node names, and topic names in plaintext. Consequently, it does not provide metadata confidentiality.","Sec. VII-J and Table I, PDF pp. 5–6, paper pp. 64–65",IMP-DS,EP-OBS,Primary code. The finding was evaluated using ROS 2 Eloquent and directly matches leakage of policy and identity metadata despite security being enabled.,,,,,,
TBD,Who Controls Your Robot? An Evaluation of ROS Security Mechanisms,ROS1-LE,VUL,C,Full,"The study concludes that unprotected ROS 1 provides no confidentiality for network communication. A MITM attacker can read ROS traffic, while encryption mechanisms such as SROS, Secure ROS, TLS/DTLS, AES, and VPN are required to protect it.","Secs. V-A, VI-A and VII-A; Table I, PDF pp. 2–5",IMP-DS,EP-OBS,ROS 1 confidentiality is a direct evaluation criterion rather than an incidental background statement.,,,,,,
TBD,Who Controls Your Robot? An Evaluation of ROS Security Mechanisms,ROS1-LNA,VUL,I,Full,"The attacker model allows an adversary to establish rogue ROS nodes, modify or inject traffic, and impersonate a compromised node. The evaluation finds that default ROS 1 lacks integrity and sender-authentication protection.","Secs. V-A–V-B, VI-C and VII-A; Table I, PDF pp. 2–5",IMP-DT,EP-OBS,"The paper analytically evaluates sender identity and communication authenticity, although it does not execute a separate node-registration hijacking experiment.",,,,,,
TBD,Who Controls Your Robot? An Evaluation of ROS Security Mechanisms,ROS1-UTA,VUL,I,Full,"Default ROS 1 is evaluated as providing no access control. The paper explains that a compromised or rogue node must be restricted to only the topics it legitimately needs to publish or subscribe to, and compares mechanisms offering node-, host-, IP-, or certificate-based access control.","Sec. VI-D, Sec. VII-A–VII-H and Table I, PDF pp. 3–6",IMP-DT,EP-OBS,Direct evaluation of unrestricted topic access and the ability of protection mechanisms to constrain publishers and subscribers.,,,,,,
TBD,Who Controls Your Robot? An Evaluation of ROS Security Mechanisms,ROS2-MPIB,VUL,I,Full,"Because DDS security extensions are disabled in the default ROS 2 configuration, ROS 2 provides no communication-integrity or source-authentication guarantee. A receiving node therefore cannot cryptographically verify that a message originated from a legitimate publisher.","Sec. I-B, Sec. VI-C and Sec. VII-I; PDF pp. 1, 3 and 6",IMP-DT,EP-OBS,"The paper directly evaluates the missing authenticity property. No concrete forged /tf or shared-topic publisher attack is executed, but the missing publisher binding is explicitly established for default ROS 2.",,,,,,
TBD,Robot Operating System 2: The Need for a Holistic Security Approach to Robotic Architectures,ROS2-ILE,VUL,C,Full,"DDS-Security allows discovery, liveliness, RTPS messages, metadata, and serialized payloads to receive different protection levels: NONE, SIGN, or ENCRYPT. When discovery or metadata is only signed, participant identifiers, GUIDs, endpoint information, topology information, sequence numbers, locators, and other metadata remain visible in plaintext. The paper explains that clear-text GUID and discovery information may support masquerading and topology reconstruction.","Governance policy discussion, pp. 4 and 6; “Performance versus security models,” pp. 9–12; especially pp. 9–10",IMP-DS,EP-OBS,Primary code. The authors configure multiple DDS-Security protection combinations and measure their behavior and performance. The confidentiality gap is configuration-dependent rather than a claim that full encryption is impossible.,,,,,,
TBD,Robot Operating System 2: The Need for a Holistic Security Approach to Robotic Architectures,ROS2-ICAPP,VUL,I,Partial,"ROS 2 DDS-Security depends on locally stored identity certificates, private keys, governance policies, and participant permission policies. The authors identify unresolved responsibility for policy creation and signing, note that security plug-ins are not necessarily digitally signed or vetted, and emphasize that credentials and policy files require stronger lifecycle and trust management.","DDS security policy and plug-in discussion, pp. 4–7",IMP-DT,EP-CAP,"The standard supports CA signatures for governance and permission policies, so the paper does not establish that every deployment leaves them unprotected. The code reflects residual credential and policy-management exposure rather than complete absence of protection.",,,,,,
TBD,Robot Operating System 2: The Need for a Holistic Security Approach to Robotic Architectures,ROS2-LRI,VUL,A,Partial,"DDS-Security protects data in motion but does not isolate local operating-system processes, memory, hardware components, or cryptographic libraries. The paper describes a malicious local spy process that may observe leakages from other processes and recover sensitive information such as encryption keys.","“Systematic security review,” pp. 6–8; “Software,” p. 8; “Recommendations,” p. 13",IMP-DS,EP-CAP,"This is an explicit architectural gap outside the DDS messaging layer, but no spy process, cross-process memory attack, or key-recovery experiment is implemented.",,,,,,
TBD,Robot Operating System 2: The Need for a Holistic Security Approach to Robotic Architectures,ROS2-CSCE,VUL,C,Partial,"The authors warn that hardware and software obtained from untrusted suppliers may introduce backdoors. They also state that DDS security service providers and plug-ins are not required to follow a signed-provider model comparable to mature cryptographic architectures, allowing a malicious component or spy process to enter the software ecosystem.","Security plug-in discussion, p. 7; “Recommendations,” p. 13",IMP-DT,EP-CAP,"The supply-chain risk is directly identified, but the paper does not replace a DDS plug-in, compromise OpenSSL, or demonstrate a malicious dependency in the evaluated ROS 2 system.",,,,,,
TBD,Understanding Misconfigurations in ROS: An Empirical Study and Current Approaches,ICF,REL,SEM,Full,"The empirical taxonomy directly identifies interaction and configuration faults involving topic and resource-name mismatches, incompatible message formats, absent or conflicting publishers, missing or incorrect nodes, namespaces, remappings, launch-file composition, environment variables, parameter-name dead writes, and missing or duplicate transforms. Figure 4 demonstrates a mistyped topic name that leaves the subscriber disconnected from the intended publisher.","Sec. 3.3, pp. 5–7; Figs. 3–4; Listing 1",IMP-FA,EP-HIST,"Primary code. These faults originate in relationships and configuration bindings among ROS entities. Incorrect behavior, missing data, or node startup failure are consequences rather than separate defect codes.",,,,,,
TBD,Understanding Misconfigurations in ROS: An Empirical Study and Current Approaches,BSE,REL,SEM,Full,"The study directly identifies semantic faults involving physical units, message-content constraints, color formats, image and point-cloud transformations, incorrect TF values or conventions, URDF properties, calibration, control parameters, robot-localization assumptions, and application/environment-dependent configuration. These cases may use syntactically valid and correctly connected interfaces while carrying an incorrect physical or behavioral meaning.","Sec. 3.3, pp. 6–8; Fig. 3",IMP-FA,EP-HIST,"Use BSE for incorrect values or meanings, such as degrees versus radians, invalid TF geometry, incorrect wheel radius, unsuitable PID gains, or an inappropriate planner. Missing topic or parameter bindings remain ICF.",,,,,,
TBD,Understanding Misconfigurations in ROS: An Empirical Study and Current Approaches,SEF,REL,CODE,Full,"The taxonomy explicitly analyzes queue-size errors, frequency mismatches, stale data, message synchronization failures, and launch-time race conditions. In the stereo-vision example, slow disparity processing causes faster image streams to fill queues and overwrite messages before synchronized inputs are available.","Sec. 3.3, pp. 5–7; Fig. 5",IMP-FA,EP-HIST,"Queue overflow, missed timing assumptions, stale messages, and synchronization failures originate in runtime execution and timing mechanisms. They should not be recoded as ICF merely because communication is ultimately affected.",,,,,,
TBD,The Role of Security in Human-Robot Shared Environments: A Case Study in ROS-based Surveillance Robots,ROS1-UTA,VUL,I,Full,"ROS uses anonymous publish/subscribe semantics, weak authorization, no access-level definitions, and no conflict-resolution mechanism. A network participant can subscribe to arbitrary topics, kill nodes, send direct robot commands, or concurrently publish velocity commands that override legitimate control.","Sec. III, p. 3; Conclusion, p. 6",IMP-DT,EP-HIST,"Primary code. The paper explicitly analyzes unrestricted publication, subscription, node control, and command injection as central ROS security flaws. No original attack execution is reported.",,,,,,
TBD,The Role of Security in Human-Robot Shared Environments: A Case Study in ROS-based Surveillance Robots,ROS1-LE,VUL,C,Full,"Communication between ROS nodes is transmitted in clear text over TCP/IP or UDP/IP. The MD5 check verifies only message-structure compatibility and does not encrypt content, allowing an unauthorized listener to intercept messages, interpret their contents, and construct spoofed messages.","Sec. III, p. 3",IMP-DS,EP-HIST,"Direct evidence of absent channel encryption in ROS 1. The STOP architecture consequently proposes TLS/SSL, application-layer message encryption, VPNs, and encrypted storage.",,,,,,
TBD,The Role of Security in Human-Robot Shared Environments: A Case Study in ROS-based Surveillance Robots,ROS1-LNA,VUL,I,Full,"ROS exposes unprotected TCP ports without authentication, nodes do not know the identities of communicating peers, and the system provides no sender verification or message-authenticity checking. Malicious talkers and replacement publishers/listeners can therefore join the system.","Sec. III, p. 3",IMP-DT,EP-HIST,Distinct from topic authorization: this code concerns the inability to establish and verify the identity of ROS nodes and message senders.,,,,,,
TBD,The Role of Security in Human-Robot Shared Environments: A Case Study in ROS-based Surveillance Robots,ROS1-LFQ,VUL,A,Full,"The paper states that ROS provides no QoS mechanisms, leaves communication management to individual nodes, does not compact similar messages, and makes no effort to reduce communication volume. High communication volume hampers time-critical applications and enables network clogging and DoS conditions.","Sec. III, p. 3",IMP-RE,EP-HIST,"Explicitly concerns missing QoS, traffic control, communication-volume management, and resistance to excessive requests or publishing.",,,,,,
TBD,The Role of Security in Human-Robot Shared Environments: A Case Study in ROS-based Surveillance Robots,ROS1-SPF,VUL,A,Partial,"The centralized ROS Master naming service is described as a scalability bottleneck that is not designed to process a large volume of requests and may be exposed to DoS. In the STOP project, the authors reject a shared Master as impractical and instead assign a separate ROS Master to each robot.","Sec. III, p. 3; Sec. IV-A and IV-C, pp. 4–5",IMP-OA,EP-CAP,"The centralized dependency and bottleneck are explicit, but the paper does not crash the Master or demonstrate complete graph-discovery failure. Partial is therefore more defensible than Full.",,,,,,
TBD,A Study on ROS Vulnerabilities and Countermeasure,ROS1-LNA,VUL,I,Full,"ROS does not authenticate communication between the Master and nodes. By setting the attacker’s ROS_MASTER_URI and ROS_HOSTNAME, the attacker connects to the victim environment without further authentication and controls TurtleSim remotely.","Sec. 2.1, p. 147; Figs. 1–2",IMP-DT,EP-OBS,Primary code. The authors explicitly identify missing authentication to the Master as the common enabling cause of most demonstrated attacks.,,,,,,
TBD,A Study on ROS Vulnerabilities and Countermeasure,ROS1-UTA,VUL,I,Full,"After entering the ROS network, the attacker can access and publish control topics. The attacker records all KOBUKI messages using rosbag record -a, replays them to reproduce robot movement, and registers a service with an existing name to replace the legitimate service.","Secs. 2.1–2.2, p. 147; Sec. 2.4, p. 148; Figs. 7–8 and 11–12",IMP-DT,EP-OBS,"Covers unauthorized topic access, command replay, service registration, and service replacement. Rosbag is an attack utility here, not the underlying defect.",,,,,,
TBD,A Study on ROS Vulnerabilities and Countermeasure,ROS1-LE,VUL,C,Full,ROS XML-RPC communication is transmitted without encryption. An intermediary attacker can observe the communication history and manipulate exchanged data to control the robot remotely.,"Sec. 2.3, p. 148",IMP-DS,EP-OBS,The proposed Diffie–Hellman and AES-256 countermeasure confirms that absent communication encryption is the identified root problem.,,,,,,
TBD,ROSploit: Cybersecurity Tool for ROS,ROS1-UTA,VUL,I,Full,"The Master-scan component invokes getSystemState() and obtains the complete list of active nodes, topics, and services. The exploitation component can then insert itself between two nodes on a selected topic and modify their communication.","“Threat Model” and “ROSploit,” PDF pp. 1–2; Fig. 1, p. 2",IMP-DT,EP-OBS,Primary code. The implemented tool directly demonstrates unrestricted discovery of ROS resources and the ability to access and manipulate topic communication without an application-defined authorization policy.,,,,,,
TBD,ROSploit: Cybersecurity Tool for ROS,ROS1-LNA,VUL,I,Partial,ROSploit sends ordinary XML-RPC and TCPROS requests to open ports and can interact with identified ROS nodes without presenting a node certificate or other identity credential. The paper also identifies unauthorized publishers and subscribers as central ROS threats.,"“Security for ROS,” p. 1; “Threat Model,” p. 1; “ROSploit,” p. 2",IMP-DT,EP-CAP,"The tool behavior is consistent with absent peer authentication, but the paper does not separately implement or measure a node-authentication bypass experiment.",,,,,,
TBD,ROSploit: Cybersecurity Tool for ROS,ROS1-LE,VUL,C,Partial,"The tool supports a MITM mode that inserts itself into communication between two ROS nodes and allows the user to inspect or alter exchanged data. The paper contrasts baseline ROS with SROS, which adds TLS encryption to address existing communication vulnerabilities.","“Security for ROS,” p. 1; “ROSploit,” p. 2",IMP-DS,EP-CAP,"The communication channel is treated as insufficiently protected, but the paper does not report packet-capture results or independently quantify plaintext-data exposure.",,,,,,
TBD,Scanning the Internet for ROS: A View of Security in Robotics Research,ROS1-PNE,VUL,C,Full,"The authors scanned approximately 3.7 billion public IPv4 addresses for the default ROS Master port and repeatedly identified more than 100 publicly reachable ROS Masters. Publicly exposed systems revealed nodes, topics, services, parameters, sensors, actuators, robot types and research activity patterns.","Abstract and Sec. I, p. 1; Sec. IV, pp. 2–3; Sec. V and Tables I–III, pp. 3–6",IMP-DS,EP-OBS,Primary code. External network exposure is the central measured defect. The study directly establishes that ROS Masters and Rosbridge instances were reachable beyond their intended trust boundaries.,,,,,,
TBD,Scanning the Internet for ROS: A View of Security in Robotics Research,ROS1-UTA,VUL,I,Full,"A remote host could query ROS graph information, subscribe to camera and point-cloud topics, publish messages to change Baxter’s face and joint angles, invoke speech and neck-control services, and thereby control robot sensors and actuators without a ROS-level authorization decision.","Sec. VI-B–VI-C, pp. 6–7; Fig. 2, p. 7",IMP-DT,EP-OBS,"The proof-of-concept was conducted with explicit operator consent. It demonstrates unauthorized topic access, publication and service invocation that would otherwise be available to any similarly connected attacker.",,,,,,
TBD,Scanning the Internet for ROS: A View of Security in Robotics Research,ROS1-LNA,VUL,I,Full,"The paper states that the ROS Master trusts every node that connects to it. For the Herb2 penetration test, the researchers only needed to set ROS_MASTER_URI, ROS_IP and local hostname resolution before their remote ROS node could interact with the target system; no ROS node credential or identity certificate was required.","Sec. I, p. 1; Sec. III, p. 2; Sec. VI-C, p. 7",IMP-DT,EP-OBS,Distinct from authorization: the remote node was accepted as a ROS participant without proving that it was a legitimate node belonging to the robot deployment.,,,,,,
TBD,Scanning the Internet for ROS: A View of Security in Robotics Research,ROS1-IPS,VUL,I,Full,"During the authors’ penetration test of their publicly exposed Baxter robot, remote XML-RPC access allowed them to inspect and modify rosparam values. They explain that changing arm-controller PID gains could place the robot in a dangerous state and cause unexpected oscillation.","Sec. IV, p. 3; Sec. VI-B, pp. 6–7",IMP-DT,EP-OBS,Direct experimental evidence of remotely modifying Parameter Server values without a ROS-level authorization check. The dangerous PID effect is a security impact and is not separately coded as a reliability fault.,,,,,,
TBD,Security on ROS: Analyzing and Exploiting Vulnerabilities of ROS-Based Systems,ROS1-LNA,VUL,I,Partial,"The paper states that ROS provides no authentication mechanism for managing communication between nodes. Consequently, ROS peers cannot cryptographically establish that the entity sending or forwarding communication is a legitimate robot component.","Introduction, p. 1; Sec. III-B, p. 2",IMP-DT,EP-CAP,"The weakness is explicitly identified, but the implemented experiment impersonates endpoints through ARP poisoning rather than registering a rogue ROS node or demonstrating a ROS-level authentication bypass.",,,,,,
TBD,Security on ROS: Analyzing and Exploiting Vulnerabilities of ROS-Based Systems,ROS1-UTA,VUL,I,Partial,The authors state that ROS lacks authorization controls and allows any computer on the network to listen to desired topics. Their tool targets the /speech_to_text topic and can be adapted to alter messages of any known ROS message type on any intercepted topic.,"Introduction, p. 1; Sec. IV, pp. 3–4",IMP-DT,EP-OBS,Topic communication is experimentally accessed and modified without an application authorization decision. Coverage is Partial because the attack captures network traffic rather than subscribing or publishing through the ROS Master API.,,,,,,
TBD,Security Controller Synthesis for ROS-based Robot,ROS1-UTA,VUL,I,Partial,"The paper states that a ROS node may publish data to arbitrary topics without prior authorization. An attacker on the same network can therefore send false speed, position, or navigation information, causing the robot to execute unexpected actions or enter dangerous regions. The proposed security controller limits speed, stops near people, and returns the robot from the staircase to a safe location.","Sec. IV-A, pp. 3–4; Figs. 2–4",IMP-DT,EP-CAP,"Primary code. The weakness and mitigation logic are explicit, but the paper does not implement and measure an actual malicious publisher or topic-injection attack.",,,,,,
TBD,Security Controller Synthesis for ROS-based Robot,ROS1-LNA,VUL,I,Partial,The false-information scenario is enabled because publishers can interact with ROS topics without pre-authentication. The system therefore cannot establish that a node sending commands is an authorized participant before accepting its messages.,"Sec. IV-A, p. 3",IMP-DT,EP-CAP,Separate from authorization: this code captures the absence of participant identity verification. No authentication-bypass experiment or rogue-node registration trace is reported.,,,,,,
TBD,Security Controller Synthesis for ROS-based Robot,ROS1-LFQ,VUL,A,Partial,"The authors explain that every node can publish arbitrary content to topics subscribed to by a target node, enabling traffic-flooding DoS. Their controller monitors message count, CPU usage, CPU temperature, RAM usage, and battery consumption, shuts down the affected robot, and assigns its task to a standby robot.","Sec. IV-B, pp. 4–6; Figs. 5–7",IMP-RE,EP-OBS,"The Gazebo scenario demonstrates the security-controller response to a detected DoS condition. However, the paper does not specify an implemented flooding node, publication rate, packet volume, threshold values, or measured resource-exhaustion curve, so Partial is more defensible than Full.",,,,,,
TBD,Penetration Testing ROS,ROS1-UTA,VUL,I,Full,"Anonymous attackers can query the complete ROS graph and invoke unrestricted Master and Slave API operations. ROSPenTo uses forged publisherUpdate calls to disconnect legitimate publishers, attach unauthorized publishers, isolate services and inject false sensor data. Roschaos can unregister publishers, subscribers, services and complete nodes, or remotely invoke node shutdown.","Secs. 2.3–2.5, pp. 4–7; Secs. 3.1–3.3, pp. 7–11; Sec. 4, pp. 13–31; Sec. 5, pp. 31–36",IMP-DT,EP-OBS,"Primary code. The tools directly demonstrate unauthorized topic manipulation, false publication, service disruption, action interference and node termination.",,,,,,
TBD,Penetration Testing ROS,ROS1-LNA,VUL,I,Full,"ROS 1 does not authenticate XML-RPC callers. Node identity is derived entirely from attacker-controlled parameters such as caller_id, node name and API URI, without cryptographic proof. This permits attackers to impersonate the Master, publishers, nodes or service providers when invoking registration, update and shutdown methods.","Sec. 1, p. 2; Sec. 2.2–2.5, pp. 4–7",IMP-DT,EP-OBS,The lack of identity validation is not merely background: ROSPenTo and Roschaos rely on forged caller identities to make unauthorized API calls appear legitimate.,,,,,,
TBD,Penetration Testing ROS,ROS1-IPS,VUL,I,Full,"The ROS Parameter Server applies no ownership or namespace-based access restriction and gives anonymous clients read and write access. ROSPenTo demonstrates unsubscribing a C++ node from legitimate parameter updates and sending a forged paramUpdate, changing the value observed locally while the value stored on the Parameter Server remains unchanged. Roschaos can also delete or manipulate parameters and subscriptions.","Sec. 2.4, p. 6; Sec. 3.4, pp. 12–13; Sec. 4.1, pp. 25–27; Sec. 5.1, pp. 32–34",IMP-DT,EP-OBS,"Direct experimental evidence of unauthorized parameter inspection, update, deletion and desynchronization. The attack can cause different nodes to observe inconsistent values for the same parameter.",,,,,,
TBD,Penetration Testing ROS,ROS1-LE,VUL,C,Partial,"The paper states that ROS 1 TCP/UDP communication has no confidentiality protection or authenticated encryption, making network eavesdropping straightforward. It contrasts baseline ROS with SROS and other secure ROS variants that add encryption.","Sec. 1, p. 2; Sec. 2.2, p. 4; Sec. 6.2, pp. 37–38",IMP-DS,EP-CAP,"The confidentiality weakness is explicit, but ROSPenTo and Roschaos mainly exploit XML-RPC authorization flaws rather than presenting an independent packet-capture or plaintext-content experiment.",,,,,,
TBD,Novel Denial-of-Service Attacks Against Cloud-Based Multi-Robot Systems,ROS1-LFQ,VUL,A,Full,"A malicious ROS publisher can increase its publication rate from 4 Hz to 400 Hz and continuously send dummy messages with valid content. ROS provides no effective mechanism in the evaluated configuration to constrain the publisher rate or prevent the messages from filling the wireless router queue and consuming subscriber computation resources. The attack substantially increases latency, packet loss and critical-node processing time.","Secs. 3.2 and 4.1–4.2, pp. 334–335; Figs. 5–6; Secs. 5.2–5.3, pp. 337–339; Figs. 8–11",IMP-RE,EP-OBS,"Primary code. The paper directly implements and quantitatively evaluates high-rate publishing, communication congestion and resource exhaustion in ROS Melodic.",,,,,,
TBD,Data Tampering Attack Design for ROS-Based Object Detection and Tracking Robotic Platform,ROS1-LNA,VUL,I,Full,"TCPROS and XMLRPC lack authentication or identity verification. The authors exploit this weakness through ARP spoofing and by introducing a malicious publisher, forcing a legitimate subscriber to communicate with the attacker-controlled node.","Abstract; Sec. IV-B, pp. 4–5; Conclusion, p. 6",IMP-DT,EP-OBS,Primary code. Authentication weakness is directly analyzed and experimentally exploited on the physical ROS platform.,,,,,,
TBD,Data Tampering Attack Design for ROS-Based Object Detection and Tracking Robotic Platform,ROS1-LE,VUL,C,Full,"ROS node messages are transmitted in cleartext. The authors intercept the 48-byte serialized /cmd_vel control message using a MITM attack, identify the linear and angular velocity fields with Wireshark, modify the values and forward the altered message to the robot.","Sec. IV-B(a), p. 4; Figs. 5–8, pp. 4–5",IMP-DT,EP-OBS,Cleartext TCPROS traffic is directly captured and modified; this is stronger than a general capability claim.,,,,,,
TBD,Data Tampering Attack Design for ROS-Based Object Detection and Tracking Robotic Platform,ROS1-UTA,VUL,I,Full,"The attack tool invokes getSystemState and publisherUpdate, creates a malicious node with the required message type and injects fake images into the object-detection node without authorization. The injected data prevents correct target detection and disrupts robot tracking.","Sec. IV-B(b), p. 5; Figs. 9–12, p. 5",IMP-DT,EP-OBS,Direct experimental evidence of unauthorized publishing and false-data injection through ROS APIs.,,,,,,
TBD,Analysis of Attacks on Robotic Operation System,ROS1-LNA,VUL,I,Full,"The ROS Master API accepts publisher, subscriber and service registration or deregistration without authentication. Using roschaos, the authors unregister the /publisher node, after which the listener stops receiving messages even though the publisher process remains active. The ROS Slave API publisherUpdate method is also unauthenticated; ROSPenTo sends a forged empty publisher list directly to /listener, causing it to disconnect from the legitimate publisher.","Sec. 2, pp. 42–43; Sec. 3, pp. 43–45; PDF pp. 2–5",IMP-OA,EP-OBS,Primary code. Both demonstrated attacks share the same primary root cause: unauthenticated ROS control-plane API calls.,,,,,,
TBD,Analysis of Attacks on Robotic Operation System,ROS1-LE,VUL,C,Partial,"The paper states that ROS TCP/UDP communication is not encrypted and that eavesdropping is easy, allowing any network participant to read application data.","Introduction and Sec. 1, pp. 41–42; PDF pp. 1–2",IMP-DS,EP-HIST,"Explicit ROS 1 plaintext weakness, but the authors do not perform packet interception or independently evaluate confidentiality loss.",,,,,,
TBD,Cyberattacks on Self-Driving Cars and Surgical and Eldercare Robots,ROS1-UTA,VUL,I,Partial,"The paper states that any ROS node can publish data without proper authorization, inject malicious instructions and subscribe to arbitrary topics to obtain sensitive information. It further notes that application-level protection cannot prevent malicious publishers from sending messages or unauthorized subscribers from subscribing to topics.","Sec. 2.1, p. 2; Sec. 2.2, p. 3; Table 1, p. 4",IMP-DT,EP-HIST,"Primary code. The vulnerability is directly reviewed, but the paper does not independently implement or evaluate an unauthorized publishing/subscription attack.",,,,,,
TBD,Cyberattacks on Self-Driving Cars and Surgical and Eldercare Robots,ROS1-LNA,VUL,I,Partial,The paper describes weak authentication in ROS and states that the ROS Master can register a new malicious node without detecting the attacker. Authentication servers and validation of nodes are reviewed as necessary countermeasures.,"Sec. 2.2, p. 3; Sec. 2.3, p. 4; Sec. 3.1, p. 7",IMP-DT,EP-HIST,"The evidence concerns malicious-node registration and node validation, distinct from authorization to publish or subscribe.",,,,,,
TBD,Cyberattacks on Self-Driving Cars and Surgical and Eldercare Robots,ROS1-LE,VUL,C,Partial,"The paper explicitly states that ROS messages may be transmitted without encryption, enabling eavesdropping. It reviews SSL/TLS, symmetric encryption and DDS cryptographic plug-ins as mechanisms for protecting ROS communication.","Sec. 2.2, p. 3; Table 1, p. 4; Sec. 3.1, p. 7",IMP-DS,EP-HIST,"Plaintext ROS communication is explicit, but no packet capture or independent confidentiality experiment is reported.",,,,,,
TBD,Cyberattacks on Self-Driving Cars and Surgical and Eldercare Robots,ROS1-LFQ,VUL,A,Partial,"The review explains that an attacker can publish a large volume of bogus ROS messages, bombard subscribers, impose heavy processing load and prevent meaningful processing. It also notes that application-level encryption does not prevent a malicious publisher from launching a high-frequency DoS attack.","Sec. 2.1, p. 2; Sec. 2.2, p. 3",IMP-RE,EP-HIST,"Directly matches malicious high-rate publishing and absent traffic regulation, but the attack is summarized from earlier work.",,,,,,
TBD,ROS Network Security for a Swing Doors Automation in a Robotized Hospital,ROS1-LE,VUL,C,Full,"The paper explicitly identifies unencrypted TCPROS message transmission and unencrypted data storage as major ROS 1 security problems. It explains that attackers may capture confidential medical information or perform MITM packet modification, and the proposed architecture therefore relies on network isolation and optional encryption for confidential nodes.","Abstract; Sec. I, p. 1; Sec. II, pp. 1–2; Sec. IV-B, p. 3; Conclusion, p. 4",IMP-DS,EP-HIST,"Primary code. Plaintext ROS 1 communication is a direct object of the study and a primary driver of the proposed architecture, although the authors do not perform packet interception themselves.",,,,,,
TBD,ROS Network Security for a Swing Doors Automation in a Robotized Hospital,ROS1-LNA,VUL,I,Partial,"The paper reviews authentication-server, certificate, HMAC and authorization/authentication-node solutions and states that external devices must pass authentication and authorization before entering the proposed hospital network. Connections between ROS nodes may also require additional authentication.","Sec. III, p. 2; Sec. IV-B, p. 3; Conclusion, p. 4",IMP-DT,EP-CLAIM,"Missing authentication is explicitly treated as a security requirement, but the paper does not demonstrate node impersonation, malicious registration or authentication bypass.",,,,,,
TBD,An Analysis of DoS Attack on Robot Operating System,ROS1-LFQ,VUL,A,Full,"The authors create large numbers of malicious publisher and subscriber nodes to overload ROS communication. Subscriber attacks force a publisher to answer excessive data requests, while publisher attacks flood a subscriber with messages and consume processing, storage and network resources. The experiments demonstrate substantial delay and packet loss that increase with attack volume.","Sec. 3, pp. 1053–1055; Sec. 4.2–4.3, pp. 1057–1067; Figs. 3, 5–20",IMP-RE,EP-SEED,Primary code. This directly matches malicious high-rate publishing/subscribing and inadequate flow or resource control in ROS 1.,,,,,,
TBD,An Analysis of DoS Attack on Robot Operating System,ROS1-SPF,VUL,A,Full,"A transport-layer attack floods the ROS Master port. The paper explains that if the Master becomes unavailable, new nodes cannot join and publisher/subscriber requests cannot be processed. It also states that damage to the Master can disable the entire ROS system, unlike attacks on an individual node.","Sec. 2.2, pp. 1052–1053; Sec. 3, pp. 1053–1055; Sec. 4.2, p. 1057",IMP-OA,EP-SEED,Separate from topic flooding because this attack specifically exploits the centralized Master as a system-wide failure point.,,,,,,
TBD,An Analysis of DoS Attack on Robot Operating System,ROS1-UTA,VUL,I,Full,The paper states that any device that discovers the ROS Master can freely publish messages or subscribe to nodes. The experimental attacks create unauthorized publisher and subscriber nodes and use them to access existing ROS topics without authorization.,"Sec. 2.2, pp. 1052–1053; Sec. 3, pp. 1054–1055; Sec. 4.2, pp. 1057–1058",IMP-RE,EP-SEED,"The unauthorized access enables the attack, while ROS1-LFQ captures the separate volumetric flooding mechanism.",,,,,,
TBD,Understanding the Internet-Wide Vulnerability Landscape for ROS-based Robotic Vehicles,ROS1-PNE,VUL,C,Full,"The authors scan the complete IPv4 address space for ROS 1 Master services on TCP port 11311 and identify an average of approximately 194 publicly accessible ROS hosts per scan. The exposed systems include likely physical cleaning robots, drones and autonomous vehicles, some of which reveal sensor, topic, service and parameter metadata.","Abstract; Sec. III-A–B, pp. 2–4; Tables I–II",IMP-DS,EP-OBS,Primary code. Public Internet exposure is the direct empirical object of the study.,,,,,,
TBD,Understanding the Internet-Wide Vulnerability Landscape for ROS-based Robotic Vehicles,ROS1-LNA,VUL,I,Partial,The paper states that the ROS 1 Master accepts connections and commands from arbitrary sources without built-in security or authentication. The scanning system connects to exposed Masters and invokes passive XML-RPC commands without credentials.,"Sec. III introduction and Sec. III-A, p. 2",IMP-DS,EP-OBS,"Authentication absence is directly demonstrated at the Master interface, but the authors do not perform malicious node registration, impersonation or authentication bypass attacks.",,,,,,
TBD,Understanding the Internet-Wide Vulnerability Landscape for ROS-based Robotic Vehicles,ROS1-UTA,VUL,I,Partial,"The study explains that an attacker connected to an exposed ROS host could retrieve system information and inject data or commands. Its passive scanner successfully obtains topic, service and parameter names using getSystemState and getParamNames, although the authors intentionally avoid changing system state or accessing sensitive content.","Sec. III introduction and Sec. III-A, pp. 2–3; Fig. 1",IMP-DS,EP-OBS,Direct evidence of unrestricted information-query access; unauthorized publishing or command injection is explicitly identified but not experimentally executed for ethical reasons.,,,,,,
TBD,Analyzing Impact and Systemwide Effects of the SlowROS Attack in an Industrial Automation Scenario,ROS1-LFQ,VUL,A,Full,"SlowROS establishes enough TCP connections to occupy the ROS Master’s connection slots and file descriptors, then keeps the connections idle or transmits partial legitimate requests. The authors experimentally determine that the Master has effectively no idle-connection timeout: one connection remained open for approximately 11.85 days, and 1147 malicious connections were sufficient to exhaust the default server capacity.","Abstract; Sec. 4.3, pp. 9–12; Sec. 6.1–6.3, pp. 13–17; Tables 1–2",IMP-RE,EP-OBS,"Primary code. The defect directly matches connection occupation and missing flow/resource-control safeguards. It is an existing weakness of the standard ROS Noetic Master, not an author-seeded software defect.",,,,,,
TBD,Analyzing Impact and Systemwide Effects of the SlowROS Attack in an Industrial Automation Scenario,ROS1-SPF,VUL,A,Full,"Exhausting the centralized ROS Master prevents publishers and subscribers from registering or recovering. Because the ROS Master and Parameter Server run in the same process and share file descriptors, existing nodes also lose parameter access, eventually causing a complete systemwide lockup that affects the physical robot-control application.","Sec. 3.2, pp. 5–6; Fig. 4, p. 12; Sec. 6.4, pp. 17–18; Conclusion, pp. 21–22",IMP-OA,EP-OBS,"Separate from ROS1-LFQ: LFQ represents the connection-resource weakness, while SPF captures the systemwide consequence of attacking the centralized Master.",,,,,,
TBD,Network Reconnaissance and Vulnerability Excavation of Secure DDS Systems,ROS2-ILE,VUL,C,Full,"DDS-Security v1.1 exchanges digitally signed participant permission documents in plaintext during the authentication and cryptographic handshake. An observer can recover topic, partition, data-tag and publish/subscribe capabilities without decrypting protected application messages. The authors capture these permission tokens, reconstruct the data-bus topology and identify critical information-flow paths that may be targeted for selective DoS or network partitioning.","Abstract and Sec. I, pp. 57–58; Sec. II-B–C, p. 58; Sec. III–VI, pp. 59–62; Figs. 2–6",IMP-DS,EP-OBS,Primary code. The exposed permission and topology metadata are directly observed and used by the implemented reconnaissance pipeline.,,,,,,
TBD,Investigating Security Threats in Multi-Tenant ROS 2 Systems,ROS2-ICAPP,VUL,I,Full,"ROS 2 internal RCL APIs and CLI tools allow a malicious node to create a new context that does not inherit the parent node’s namespace, Domain ID or security restrictions. The attacker can also set ROS_SECURITY_ENCLAVE_OVERRIDE and attach a leaked SROS2 enclave to the new node. In the Open-RMF experiment, a low-privilege cleaning robot escapes its original domain and namespace, obtains a privileged enclave and sends commands to protected door-control topics.","Sec. IV-A, pp. 16443–16444; Listing 1; Sec. V-A, p. 16445; Fig. 3",IMP-DT,EP-OBS,Primary code. The closest code is insufficient credential and access-policy protection because SROS2 enclaves are weakly bound to node names and may be reused by newly created malicious contexts.,,,,,,
TBD,Investigating Security Threats in Multi-Tenant ROS 2 Systems,ROS2-LMLAC,VUL,C,Full,"SROS2 grants permissions at topic level. Once a node obtains access to a shared or colliding topic, it receives full access to all messages on that topic. Moreover, an authorized intermediate node may copy protected information from one topic to an unprotected topic because ROS 2 does not track information flow across topics. The authors demonstrate this in Autoware, where sensitive system-error and hardware-state information from /diagnostics becomes available through the public /diagnostics_err topic.","Sec. IV-B, p. 16444; Sec. V-B, p. 16445; Figs. 1 and 5",IMP-DS,EP-OBS,The issue is broader than field-level overprivilege: permission is enforced only at topic boundaries and does not constrain individual data flows or retransmission between topics.,,,,,,
TBD,Investigating Security Threats in Multi-Tenant ROS 2 Systems,ROS2-MPIB,VUL,I,Full,"Although SROS2 authenticates nodes, ROS 2 topic messages do not carry a verifiable binding between message content and the originating publisher. Multiple publishers can write to a shared topic, while subscribers cannot identify or filter the sender. The authors exploit this on Autoware’s global /tf topic by publishing transformations with spoofed frame identifiers, causing the estimated vehicle location to drift from the true location.","Sec. IV-B.1, p. 16444; Sec. V-B, p. 16445; Fig. 4",IMP-DT,EP-OBS,Direct experimental evidence of missing message-to-publisher identity binding and source spoofing.,,,,,,
TBD,Cybersecurity in Autonomous Systems: Evaluating the Performance of Hardening ROS,ROS1-LE,VUL,C,Full,"The paper states that ROS communication was designed without security and identifies plaintext communication as the central confidentiality weakness. The authors implement encryption and decryption nodes, show that an unprotected topic can reveal its message content, and show that the attacker receives only ciphertext after the payload is protected with 3DES.","Abstract; Sec. I, p. 1; Sec. II–III, pp. 2–3; Fig. 3, p. 2; Fig. 5, p. 5; Conclusion, p. 7",IMP-DS,EP-OBS,"Primary code. Plaintext ROS 1 communication is the direct object of the study, and the confidentiality effect of adding encryption is experimentally demonstrated.",,,,,,
TBD,Cybersecurity in Autonomous Systems: Evaluating the Performance of Hardening ROS,ROS1-UTA,VUL,I,Full,"The simulated attacker discovers the ROS Master through a network scan, starts a malicious ROS node and successfully subscribes to /sensor/encrypt/messages without topic-level authorization. Encryption prevents interpretation of the payload but does not prevent the unauthorized subscription itself.","Sec. III, pp. 2–3; Fig. 3, p. 2",IMP-DS,EP-OBS,"This is independent of encryption: ROS1-UTA captures unrestricted subscription, while ROS1-LE captures the absence of channel confidentiality.",,,,,,
TBD,Cybersecurity in Autonomous Systems: Hardening ROS Using Encrypted Communications and Semantic Rules,ROS1-LE,VUL,C,Full,"The paper identifies plaintext ROS communication as a major security weakness. The authors encrypt ROS String messages with AES, publish encrypted and plaintext messages to /chatter, and use a ROSRV monitor to detect and discard messages that do not exhibit the expected encrypted-data characteristics.","Abstract; Sec. 1, pp. 1–3; Sec. 2.2–2.4, pp. 5–8; Sec. 3, pp. 8–10; Figs. 4, 6 and 7",IMP-DS,EP-OBS,Primary code. Plaintext transmission is the direct ROS weakness addressed and experimentally demonstrated.,,,,,,
TBD,Cybersecurity in Autonomous Systems: Hardening ROS Using Encrypted Communications and Semantic Rules,ROS1-UTA,VUL,I,Partial,"A separate ROS node is able to publish plaintext messages to the same /chatter topic used by the legitimate encrypted publisher. Without the ROSRV semantic monitor, the communication layer itself does not prevent those messages from entering the topic; the monitor must intercept and discard them.","Sec. 1, p. 3; Sec. 2.4, p. 8; Sec. 3, pp. 8–10; Figs. 4 and 7",IMP-DT,EP-OBS,"The experiment demonstrates unrestricted additional publishing, but it does not define an explicit authorization policy or evaluate broader unauthorized topic/service access; therefore coverage is Partial.",,,,,,
TBD,Increasing ROS 1.x Communication Security for Medical Surgery Robot,ROS1-LNA,VUL,I,Full,The paper states that the ROS 1.x Master cannot authenticate nodes attempting to connect. New nodes can join the ROS network without prior identity verification. The authors therefore implement an AA node that validates a node name and password against a database and returns a runtime-generated communication key after successful login.,"Sec. I-A.1, PDF p. 2; Sec. IV–VI, PDF pp. 3–5; Figs. 1–7",IMP-DT,EP-OBS,Primary code. Lack of node authentication is explicitly identified as a native ROS 1.x weakness and is the principal mechanism addressed by the proposed architecture.,,,,,,
TBD,Increasing ROS 1.x Communication Security for Medical Surgery Robot,ROS1-UTA,VUL,I,Full,"Native ROS 1.x nodes may freely subscribe to existing topics, advertise new topics and communicate with other nodes without authorization. The proposed AA node maintains roles and rights, validates communication keys and determines whether a node is permitted to publish or subscribe to a topic.","Abstract and Sec. I-A.1, PDF pp. 1–2; Sec. IV–VII, PDF pp. 3–5; Fig. 8",IMP-DT,EP-OBS,"Authentication and authorization are separate concerns: ROS1-LNA covers establishing node identity, while ROS1-UTA covers unrestricted topic operations after joining the graph.",,,,,,
TBD,Application-level Security for ROS-based Applications,ROS1-LNA,VUL,I,Full,"Native ROS subscribers cannot reliably verify the identity and integrity of message publishers. The proposed architecture therefore requires each publisher and subscriber to authenticate with a dedicated server through certificates and a challenge–response protocol. In the robot demonstration, the malicious publisher cannot authenticate and consequently receives no valid topic key.","Abstract and Sec. I, PDF p. 1; Sec. II-A–C, PDF pp. 2–3; Sec. III-B, PDF p. 5",IMP-DT,EP-OBS,Primary code. Missing publisher/subscriber identity verification is the earliest common root cause addressed by the security architecture.,,,,,,
TBD,Application-level Security for ROS-based Applications,ROS1-UTA,VUL,I,Full,"ROS permits a malicious publisher to register and send arbitrary joint-control commands and permits an unauthorized subscriber to subscribe to robot-state topics. Without security, the KUKA iiwa executes the injected movement commands. With the proposed layer, unauthorized messages are rejected and unauthorized subscribers receive ciphertext they cannot interpret.","Sec. I and II, PDF pp. 1–3; Sec. III–IV, PDF pp. 4–5; Figs. 3–4",IMP-DT,EP-OBS,ROS itself still allows the unauthorized publish or subscribe operation; the application layer only prevents the resulting data from being accepted or understood.,,,,,,
TBD,Application-level Security for ROS-based Applications,ROS1-LE,VUL,C,Full,"The paper identifies eavesdropping of robot-state and production-process data as a direct ROS threat. Topic-specific symmetric keys encrypt command and state information, while digital signatures provide integrity and publisher authenticity. A subscriber without the decryption key may receive the ROS messages but cannot recover their contents.","Abstract and Sec. I, PDF p. 1; Sec. II-D, PDF p. 3; Sec. III–IV, PDF pp. 4–5",IMP-DS,EP-OBS,"Confidentiality protection is implemented and demonstrated at the application layer, rather than integrated into TCPROS itself.",,,,,,
TBD,Security for the Robot Operating System,ROS1-UTA,VUL,I,Full,"Plain ROS permits a node to publish data for an arbitrary topic, subscribe to any topic and invoke services without prior topic-level authorization. The authors demonstrate how a fake publisher can inject false safety data and how RosPenTo can isolate legitimate publishers and redirect a subscriber toward attacker-controlled data.","Sec. 3.1–3.4, journal pp. 194–196; PDF pp. 3–5; Sec. 6, journal pp. 199–200; Table 1",IMP-DT,EP-OBS,"Primary code. Unauthorized publishing, subscription and communication manipulation are the paper’s central attack families and are directly exercised by its penetration-testing workflow.",,,,,,
TBD,Security for the Robot Operating System,ROS1-LNA,VUL,I,Full,"The ROS Master and Slave XMLRPC interfaces do not authenticate or authorize callers. An attacker can invoke getSystemState, lookupNode and publisherUpdate; the subscriber does not verify that publisherUpdate originates from a legitimate ROS Master. The authors exploit these interfaces to reconstruct the graph and alter the subscriber’s publisher list.","Sec. 3.4–3.4.1, journal pp. 195–196; PDF pp. 4–5; Figs. 2–4",IMP-DT,EP-OBS,"Separate from ROS1-UTA: LNA captures unauthenticated caller identity and control-plane APIs, while UTA captures unrestricted topic, service and data operations.",,,,,,
TBD,Security for the Robot Operating System,ROS1-LE,VUL,C,Full,"Native ROS node-to-node communication lacks confidentiality and integrity protection, permitting eavesdropping and message manipulation. The authors modify ROS Kinetic communication to perform TLS for TCPROS and DTLS for UDP before exchanging headers and topic data, ensuring encrypted and authenticated communication.","Sec. 4–5.2, journal pp. 197–199; PDF pp. 6–8; Fig. 6; Table 1",IMP-DS,EP-OBS,"The weakness is directly addressed through an implemented ROS-core secure channel covering topics, services and actions.",,,,,,
TBD,Security for the Robot Operating System,ROS1-LFQ,VUL,A,Partial,"The paper explains that an attacker can publish a large volume of bogus topic messages, imposing high processing load and preventing a subscriber from performing meaningful work. The application-level protection cannot prevent such publishing and therefore remains vulnerable to high-frequency DoS.","Sec. 3.3, journal p. 195; PDF p. 4; Sec. 4.2, journal p. 198; PDF p. 7",IMP-RE,EP-CLAIM,"The flooding mechanism and missing traffic restriction are explicit, but the paper does not report a controlled DoS experiment, request rate, resource curve or packet-loss measurement.",,,,,,
TBD,Security for the Robot Operating System,ROS1-IPS,VUL,I,Partial,The attack analysis states that an adversary can perform targeted modifications to parameters used by a particular ROS node through the ROS Parameter Server.,"Sec. 3.4.1, journal p. 196; PDF p. 5",IMP-DT,EP-CLAIM,"This is a concrete Parameter Server attack capability, but it is mentioned briefly and is not executed or evaluated with RosPenTo in the reported experiments.",,,,,,
TBD,Policy-based Access Control for Robotic Applications,ROS1-UTA,VUL,I,Full,"The paper states that vanilla ROS provides no basic permission-control mechanism: every node can publish or subscribe to any topic and invoke any service without restriction. The authors implement a policy-based access manager that grants or denies access tokens, controls topic/service access and supports runtime permission revocation. In the experiment, a non-operator is denied robot-control permissions, an authorized operator is granted access, and previously granted permissions are revoked in fail-safe mode.","Abstract and Sec. I, p. 1; Sec. II-A, p. 2; Secs. III–IV, pp. 2–5; Sec. V, pp. 5–6; Figs. 1–4 and Table I",IMP-DT,EP-OBS,"Primary and only defect code. The unrestricted-access weakness is the direct object of the proposed method and is evaluated through explicit access-grant, access-denial and revocation cases.",,,,,,
TBD,Cross-Layer Secure and Resilient Control of Delay-Sensitive Networked Robot Operating Systems,ROS1-UTA,VUL,I,Full,"The paper assumes that, without message authentication, an attacker can inject a false trajectory or control reference into a ROS agent and cause the robot to track an attacker-selected trajectory. The authors construct an explicit false-data-injection model and evaluate normal and malicious reference-tracking cases.","Sec. I, p. 1; Sec. III-B, p. 2; Sec. V, pp. 5–6; Fig. 3",IMP-DT,EP-SEED,"Primary and only defect code. The attack is an author-defined synthetic case rather than an observed ROS vulnerability, but it is the direct object of the method and numerical evaluation.",,,,,,
TBD,Designing a Security Platform for Collaborating Autonomous Systems – An Experience Report,ROS1-LNA,VUL,I,Full,"The paper explicitly states that ROS lacks authentication between the ROS Master and nodes, enabling an attacker to impersonate a robot using its IP address or pretend to be a ROS Master through XML-RPC APIs. The proposed platform authenticates TurtleBots through unique codes, addresses, public keys, certificates and a tailored OAuth mechanism before they can join the ROS network.","Sec. II, p. 2; Sec. III, pp. 2–3; Sec. IV-C, pp. 3–4; Table II",IMP-DT,EP-OBS,Primary code. Missing identity verification is directly identified as an ROS weakness and addressed by an implemented authentication workflow.,,,,,,
TBD,Designing a Security Platform for Collaborating Autonomous Systems – An Experience Report,ROS1-UTA,VUL,I,Full,The authors state that unauthenticated and unauthorized entities can send and receive ROS messages. Their platform introduces hierarchical authorization and restricts which TurtleBots may communicate by distributing only the public keys of authorized peers; compromised robots can also be removed from the ROS network.,"Sec. II, p. 2; Table II, p. 3; Sec. IV-C–E, pp. 3–5; Table III",IMP-DT,EP-OBS,Separate from authentication: this code concerns permission to access communication and services after identity establishment.,,,,,,
TBD,Designing a Security Platform for Collaborating Autonomous Systems – An Experience Report,ROS1-LE,VUL,C,Full,The platform is designed to prevent interception and reading of ROS data by encrypting messages before placing them in XML-RPC communications. It uses TLS for TurtleBot-to-platform communication and public-key or AES encryption for communication among TurtleBots.,"Abstract and Sec. I, p. 1; Table II, p. 3; Sec. IV-D, p. 4; Sec. VI, p. 6",IMP-DS,EP-OBS,"The lack of protected ROS communication is a direct design target, and encryption is implemented in the proof-of-concept platform.",,,,,,
TBD,Message Authentication Codes for Secure Remote Non-Native Client Connections to ROS Enabled Robots,ROS1-LNA,VUL,I,Full,"The paper states that remote non-native ROS clients can connect through rosbridge without proper authentication. The authors implement an external authenticator, MAC-protected security tokens and a rosauth verification node. Connections with invalid keys or altered token fields are immediately terminated.","Abstract and Sec. I, p. 1; Secs. III–IV, pp. 3–4; Sec. V-C–D, p. 5; Figs. 1–3",IMP-DT,EP-OBS,Primary code. Missing remote-client identity verification is the direct object of the implemented and evaluated solution.,,,,,,
TBD,Message Authentication Codes for Secure Remote Non-Native Client Connections to ROS Enabled Robots,ROS1-LE,VUL,C,Full,"The paper identifies unsecured ROS TCP ports and plaintext node-to-node communication as enabling message interception and interpretation. The implemented architecture uses SSL, HTTPS and Secure WebSockets to provide confidentiality and integrity for remote ROS communication.","Sec. II-B, p. 2; Sec. III, p. 3; Sec. IV, pp. 3–4; Fig. 1",IMP-DS,EP-OBS,"Encryption is integrated into the operational remote-access pipeline, although encryption performance is not separately benchmarked.",,,,,,
TBD,Message Authentication Codes for Secure Remote Non-Native Client Connections to ROS Enabled Robots,ROS1-PNE,VUL,C,Full,"The authors explain that rosbridge creates an externally reachable TCP entry point into ROS and that existing systems had operated live on the Internet using open, unsecured ports. Their architecture places ROS behind a firewall and permits external access only through VPN or an authorized SSL port.","Sec. I, pp. 1–2; Sec. II-C, p. 2; Sec. IV and Fig. 1, pp. 3–4; Sec. V-A, p. 4",IMP-DS,EP-OBS,External Internet reachability is explicit and is a direct deployment concern of the proposed system.,,,,,,
TBD,Message Authentication Codes for Secure Remote Non-Native Client Connections to ROS Enabled Robots,ROS1-UTA,VUL,I,Partial,"The paper acknowledges that authenticated clients may still obtain access to the entire ROS system and directly publish or subscribe to topics beyond their privileges. It proposes a future authorization node that would map user levels to permitted topic and service names, but does not implement or evaluate this mechanism.","Sec. VII, p. 6",IMP-DT,EP-CLAIM,"Explicitly recognized authorization limitation, but only proposed as future work; therefore Partial rather than Full.",,,,,,
TBD,AuthROS: Secure Data Sharing Among Robot Operating Systems Based on Ethereum,ROS1-LE,VUL,C,Full,"The paper states that data in the existing TCP/IP-based ROS transmission framework may be sent in plaintext and intercepted by malicious parties. AuthROS captures ROS topic data, encrypts it with SM4, signs it with SM2 and transfers the encrypted data through the blockchain-supported infrastructure. Encryption and decryption are implemented and benchmarked using different message sizes.","Abstract and Sec. I, pp. 2–3; Sec. IV-C–G, pp. 5–7; Sec. V-C–D, pp. 8–10; Figs. 2, 4, 6 and 9",IMP-DS,EP-OBS,"Primary code. Plaintext transmission and interception are direct design targets, and the encryption mechanism is implemented and evaluated.",,,,,,
TBD,AuthROS: Secure Data Sharing Among Robot Operating Systems Based on Ethereum,ROS1-UTA,VUL,I,Partial,The paper states that attackers can obtain ROS data through the publisher–subscriber model. AuthROS implements smart-contract-based authority granting so that only Ethereum accounts holding the required token and SM4 key can query and decrypt shared robot data.,"Sec. I, pp. 2–3; Sec. IV-C, p. 5; Sec. V-B–C, pp. 8–9; Authority Grant and Data Query contract functions",IMP-DS,EP-OBS,"The authorization mechanism is implemented, but it controls access to data after it enters the AuthROS/blockchain layer. It does not prevent an unauthorized node from subscribing directly to the original ROS topic; therefore coverage is Partial rather than Full.",,,,,,
TBD,AuthROS: Secure Data Sharing Among Robot Operating Systems Based on Ethereum,ROS1-LNA,VUL,I,Partial,"AuthROS registers users and robots with identity tokens, Ethereum account addresses and SM2 public keys. Digital signatures and identity checks are used to reject forged or unverified data sources, and the paper explicitly identifies node forging as an attack the framework is intended to prevent.","Abstract, p. 2; Sec. I, pp. 2–3; Sec. IV-C–F, pp. 5–7; Fig. 4",IMP-DT,EP-OBS,"Authentication applies to participants in the AuthROS data-sharing layer. The paper does not modify ROS Master registration or experimentally demonstrate malicious ROS node registration, so it does not justify Full ROS1-LNA coverage.",,,,,,
TBD,Proposed Technique for Data Security with the AES Algorithm in Robot Operating System (ROS),ROS1-LE,VUL,C,Full,The paper states that ROS does not encrypt transmitted data by default and demonstrates that TCPROS messages can be intercepted and interpreted through port mirroring or man-in-the-middle access. The proposed L2Topic method encrypts topic data using AES-256 before publication and decrypts it at the subscriber. Wireshark captures show readable plaintext before protection and unintelligible ciphertext after protection.,"Sec. I, p. 1; Sec. II-A–B, pp. 1–2; Sec. III, p. 3; Sec. IV, p. 4; Figs. 2, 6 and 10",IMP-DS,EP-OBS,Primary and only defect code. Lack of ROS 1 channel encryption is the direct object of the implemented method and experimental evaluation.,,,,,,
TBD,Procedurally Provisioned Access Control for Robotic Systems,ROS2-LMLAC,VUL,C,Full,"The authors show that ROS 2 Ardent maps subsystem namespaces across DDS topics and partitions in a way that complicates precise policy enforcement. Adding the empty DDS partition to permit node startup causes unintended access: the talker can reach objects intended for the listener, producing false-positive permissions and cross-talk. The evaluation also identifies unnecessary permissions retained in the default SROS2 policy template.","Sec. III-B, pp. 4–5; Fig. 5, p. 6; Sec. IV, p. 7",IMP-DT,EP-OBS,"Primary and only defect code. The paper directly constructs exhaustive subject–object permission graphs, compares intended semantic policy with actual DDS transport behavior and observes unintended allowed and denied operations.",,,,,,
TBD,Enhancing Security in ROS,ROS1-UTA,VUL,I,Full,"The paper states that standard ROS lacks security measures and that unauthorized agents must be blocked through graph-level access-control profiles. It proposes rules that explicitly allow or deny nodes access to topics, services, parameters and Slave API operations, with audit, complain and enforce modes for deriving and deploying policies.","Sec. 2, pp. 2–3; Sec. 3.2, p. 4; Sec. 4–4.2, pp. 4–7; Conclusion, p. 12",IMP-DT,EP-CLAIM,"Primary code. Unrestricted access to ROS graph resources is the direct design target, but the proposed policy system is not experimentally evaluated.",,,,,,
TBD,Enhancing Security in ROS,ROS1-LNA,VUL,I,Partial,"The proposed architecture uses X.509 identity certificates, certificate authorities and attribute certificates to identify agents and prevent unauthorized entities from accessing the ROS graph. It discusses monolithic, autonomic and chained-certificate models as well as a server-side attribute authority.","Sec. 2, pp. 2–3; Sec. 3.2, p. 4; Sec. 5–5.2, pp. 7–10",IMP-DT,EP-CLAIM,"Authentication is an explicit architectural requirement, but the paper does not implement or demonstrate malicious-node registration, identity spoofing or authentication rejection in a ROS system.",,,,,,
TBD,Enhancing Security in ROS,ROS1-LE,VUL,C,Partial,"The paper identifies the absence of communication security in ROS and recommends TLS/SSL with X.509 certificates to provide confidentiality, authenticity and integrity. It describes SROS transport encryption as a necessary component of hardening ROS communication.","Sec. 2, pp. 2–3; Sec. 3.2, p. 4; Conclusion, p. 12",IMP-DS,EP-HIST,Encryption is discussed mainly through SROS and architectural recommendations. The authors do not capture plaintext ROS traffic or implement and benchmark an encryption mechanism.,,,,,,
TBD,Runtime Verification on Hierarchical Properties of ROS-Based Robot Swarms,ROS1-UTA,VUL,I,Full,"The paper defines security properties restricting which ROS nodes may publish or subscribe to sensitive command topics. In the TurtleBot experiment, the authors create a bogus node that publishes an unauthorized shutdown command. The generated monitor detects the illegal command–publisher pair and identifies the bogus node.","Sec. III-B, p. 679; Sec. VI-A, pp. 685–686; Eqs. 11–12; EXP.2",IMP-DT,EP-SEED,Direct seeded unauthorized-publishing case. The evidence supports unrestricted topic access rather than a benign communication/configuration fault.,,,,,,
TBD,CryptoROS: A Secure Communication Architecture for ROS-Based Applications,ROS1-LE,VUL,C,Partial,"The paper identifies the unprotected ROS topic transport channel as exposing messages to unauthorized parties. CryptoROS proposes TLS 1.2 encryption between Interceptors to protect peer-to-peer message and service communication. However, XML-RPC requests and responses remain unencrypted, and the architecture is not implemented or evaluated.","Sec. II, p. 190; Sec. III-A–B, pp. 191–192; Table I and Sec. IV, p. 194",IMP-DS,EP-CLAIM,"Primary code. The category is a central design objective, but only a proposed capability. Protection is also incomplete because XML-RPC traffic remains plaintext.",,,,,,
TBD,CryptoROS: A Secure Communication Architecture for ROS-Based Applications,ROS1-LNA,VUL,I,Partial,"The paper states that ordinary ROS communication cannot prove that publishers and subscribers are genuine. CryptoROS proposes X.509 certificates, TLS authentication, signed Access Tokens, and signature verification to authenticate Managers and communication entities.","Sec. II, p. 190; Sec. III-A–C, pp. 191–193; Fig. 3 and Fig. 5",IMP-DT,EP-CLAIM,"Authentication is explicitly addressed, but no node-impersonation experiment or authentication-bypass evaluation is reported.",,,,,,
TBD,CryptoROS: A Secure Communication Architecture for ROS-Based Applications,ROS1-UTA,VUL,I,Partial,"The paper explains that ROS nodes may freely publish, subscribe, advertise services, or call services without prior authorization. CryptoROS proposes access-control policies embedded in signed tokens, checked by Interceptors before allowing these operations.","Sec. II, p. 190; Sec. III-A–C, pp. 191–193; Fig. 5; Sec. IV, p. 194",IMP-DT,EP-CLAIM,The paper also cites a historical physical-robot case in which malicious ROS messages were injected. CryptoROS itself is not experimentally tested against that attack. Unauthorized subscription additionally produces IMP-DS.,,,,,,
TBD,CryptoROS: A Secure Communication Architecture for ROS-Based Applications,ROS1-LFQ,VUL,A,Partial,The paper identifies unrestricted high-volume topic publishing as a cause of subscriber overload and denial of service. It claims that authentication and authorization reduce the DoS attack surface and suggests dropping unauthorized XML-RPC shutdown requests.,"Sec. II, p. 190; Sec. III-A, p. 191; Table I and Sec. IV, p. 194",IMP-RE,EP-CLAIM,"No rate-limiting, throttling, queue-control algorithm, load test, or DoS performance result is presented. The claimed mitigation mainly blocks unauthorized participants.",,,,,,
TBD,TROS: Protecting Humanoids’ ROS from Privileged Attackers,ROS1-LE,VUL,C,Full,"The paper identifies that sensitive ROS message contents, certificates and cryptographic keys may remain accessible as clear data in memory to privileged attackers. TROS encrypts ROS message payloads with AES-256, authenticates them with HMAC/SHA-256 and confines clear data and keys inside SGX enclaves. Memory-dump and DMA experiments recover sensor data from ordinary ROS but fail to recover the corresponding protected data from TROS.","Sec. 4.1–4.2, pp. 6–7; Sec. 5.1, pp. 8–9; Sec. 7.1, pp. 11–12; Fig. 10",IMP-DS,EP-OBS,Primary code. The principal contribution is confidentiality protection for ROS-managed data. The exact weakness is broader than network plaintext because it includes data in use; ROS1-LE is the closest fixed confidentiality code in the manual.,,,,,,
TBD,TROS: Protecting Humanoids’ ROS from Privileged Attackers,ROS1-LNA,VUL,I,Full,"TROS protects node IDs, X.509 certificates and node-registration records inside the Master and node enclaves. Registration requires mutual attestation and verification against an encrypted static list of authorized nodes. The two misuse cases attempt to register or replace legitimate components with a fake robot-driver node and a malicious sensor-source node.","Sec. 4.2, p. 7; Sec. 5.1, pp. 8–9; Sec. 6, pp. 10–11; MC1–MC2",IMP-DT,EP-SEED,The paper directly evaluates protection against fake-node registration and identity replacement.,,,,,,
TBD,TROS: Protecting Humanoids’ ROS from Privileged Attackers,ROS1-UTA,VUL,I,Full,The misuse cases include unauthorized publication of malicious Twist commands to the NAO velocity-control topic and transmission of tampered obstacle coordinates to the global and local costmaps. TROS prevents these operations by checking protected publisher and node lists before allowing registration and communication.,"Sec. 6, pp. 10–11; Sec. 7.2, pp. 12–13; Figs. 12–13; MC1–MC2",IMP-DT,EP-SEED,"Unauthorized publishing is experimentally demonstrated in the unprotected configuration and prevented by TROS. The resulting collision or unsafe motion is an impact, not a BSE reliability defect.",,,,,,
TBD,TROS: Protecting Humanoids’ ROS from Privileged Attackers,ROS2-ICAPP,VUL,I,Partial,"The paper explicitly argues that a root-level attacker can steal SSL/TLS certificates and keys or modify namespace permissions used by ROS 2 and related secure ROS variants. This can enable decryption, malicious-node authorization, unauthorized publishing and unauthorized subscription.","Sec. 3, pp. 5–6; Sec. 4.1, pp. 6–7; Figs. 5–6",IMP-DT,EP-CLAIM,"The mechanism matches inadequate local protection of credentials and policies, but the TROS prototype is not implemented or tested on ROS 2.",,,,,,
TBD,SROS2: Usable Cyber Security Tools for ROS 2,ROS2-ICAPP,VUL,I,Partial,"The paper states that the complexity of ROS 2 security remains prone to human error, particularly during access-control artifact distribution. SROS2 implements tools to create identity and permission certificate authorities, generate signed identities, governance and permission files, organize enclave artifacts and translate ROS-level policies into DDS permissions. However, secure artifact deployment is not provided, and certificate/key lifecycle management remains incomplete.","Sec. II, p. 2; Sec. III-B–E, pp. 3–5; Sec. IV–V, pp. 5–6",IMP-DT,EP-CLAIM,"The tool and case study are real, but the coded defect requires evidence that credentials or policies lack adequate protection against modification, replacement or downgrade. The paper discusses this boundary without conducting such an attack.",,,,,,
TBD,ROSEC: Intra-Process Isolation for ROS Composition With Memory Protection Keys,ROS2-LRI,VUL,A,Full,ROS 2 Composition allows multiple nodes to execute inside one container process and share an address space. The paper’s threat model assumes that an attacker exploits a memory vulnerability such as a buffer overflow in one node and then attempts to read or modify memory belonging to other nodes or the ROS client library. ROSEC assigns separate MPK-protected memory regions to each node and permits access only while the corresponding node is executing.,"Abstract and Sec. I, pp. 10546–10548; Sec. III, p. 10549; Sec. IV, pp. 10549–10552",IMP-DT,EP-PROP,"Primary code. The attack model and isolation property are defined by the authors. The immediate evaluated consequence is cross-node memory tampering, although ROS2-LRI is fixed under Availability in the codebook.",,,,,,
TBD,ROSEC: Intra-Process Isolation for ROS Composition With Memory Protection Keys,ROS2-LRI,VUL,A,Full,"The evaluation compares ordinary process isolation, unsecured ROS 2 Composition and Composition protected by ROSEC. It evaluates single-threaded and multithreaded executors, memory overhead, key exhaustion and reassignment, callback latency, an image-processing application and attempts to neutralize the MPK isolation. The security analysis concludes that a compromised node can access only memory associated with its own protection key, rather than other nodes or the client library.","Sec. V-A–F, pp. 10553–10556; Figs. 10–17; Table II",IMP-DT,EP-PROP,A second evidence row is justified because it records the direct evaluation of the same defect family. ROSEC incurs 6.4% overhead in the camera-based real-world application.,,,,,,
TBD,Support Remote Attestation for Decentralized Robot Operating System (ROS) Using Trusted Execution Environment,ROS2-ICAPP,VUL,I,Partial,"The paper states that DDS Security provides authentication, access control and cryptographic protection while assuming the local machine is trusted. A compromised ROS 2 node or privileged local attacker may exploit masquerading credentials, alter registered services, access private keys or modify security configuration. The proposed architecture places DDS, encrypted files, parameters, policies and secrets inside SCONE/SGX and uses an attested ID and Permission Manager to verify nodes and control policy updates.","Abstract and Sec. I, p. 693; Sec. II, p. 694; Fig. 1",IMP-DT,EP-CLAIM,"Directly matches inadequate local protection of credentials and policies. Coverage is Partial because the architecture is not implemented or experimentally evaluated. Sensitive-data theft also implies IMP-DS, but integrity protection is the principal emphasis.",,,,,,
TBD,Quantifying DDS-Cerberus Network Control Overhead,ROS2-MPIB,VUL,I,Full,"The paper identifies node impersonation as a principal DDS security weakness: an attacker may create a rogue publisher or subscriber, pose as a trusted node and obtain unauthorized permission to send or read data. DDS-C integrates Kerberos authentication into ROS 2/DDS so that every publisher and subscriber must obtain a valid ticket using its assigned keytab before participating in communication. An impersonated node without the correct keytab is denied a ticket and cannot publish or subscribe. The implemented ROS 2 testbed measures the additional authentication traffic generated by this mechanism.","Sec. 1, pp. 3617–3618; Sec. 2.2, pp. 3620–3624; Figs. 2–4; Sec. 3, pp. 3630–3639",IMP-DT,EP-OBS,"Primary code. Authentication is implemented and exercised in the testbed, but the experiments do not actually launch a rogue or impersonated node. The mechanism authenticates participants before communication rather than cryptographically signing every individual ROS 2 message.",,,,,,
TBD,Decentralized Information-Flow Control for ROS2,ROS2-LMLAC,VUL,C,Full,"The paper explains that SROS2 restricts which topics an application may publish or subscribe to, but once an authorized application receives protected data, ROS 2 provides no mechanism for the original data owner to control how that application subsequently republishes or derives information from the data. A legitimate subscriber can therefore relay protected content to another, less protected topic and cause data exfiltration. Picaros binds DIFC labels to individual data objects using attribute-based encryption and enforces no-reads-up and no-writes-down rules across downstream application chains.","Abstract and Sec. I, pp. 1–2; Sec. II, pp. 3–5; Figs. 1–2; Sec. III–IV, pp. 6–11",IMP-DS,EP-PROP,Primary code. The study defines and implements message/data-object-level confidentiality properties and evaluates the enforcing prototype. The cases are author-constructed application pipelines rather than independently observed real-world leaks.,,,,,,
TBD,ROSRV: Runtime Verification for Robots,BSE,REL,SEM,Full,"The paper identifies application-level behavioral safety violations that are not prevented by ordinary ROS, including the LandShark firing while its gun points toward itself, leaving a defined safe zone and tipping over because of unsafe speed or acceleration. ROSRV generates monitors from formal event specifications and can drop trigger messages or modify motion messages when the corresponding behavioral property is violated. The safe-trigger, safe-zone and logging monitors are demonstrated on the LandShark platform.","Sec. 2.1, p. 3; Sec. 3.1, pp. 4–5; Appendix A, p. 8; Figs. 2 and 4",IMP-FA,EP-PROP,"Primary code. The monitored conditions are explicit behavioral and domain-safety properties. They are not implementation, wiring or scheduling faults.",,,,,,
TBD,ROSRV: Runtime Verification for Robots,ROS1-UTA,VUL,I,Full,"The paper states that any ROS node may publish or subscribe to arbitrary topics and may issue sensitive commands such as shutting down another node. RVMaster checks the requesting host, topic and command against user-defined [Publishers], [Subscribers] and [Commands] policies. In the attacker-node demonstration, unauthorized nodes are prevented from publishing to protected topics and killing legal nodes.","Sec. 1, pp. 1–2; Sec. 2.1, p. 3; Sec. 3.2, pp. 5–6; Appendix A, p. 8; Fig. 5",IMP-DT,EP-SEED,Directly evaluated unrestricted topic and command access. The policy covers both publish/subscribe permissions and privileged ROS Master operations.,,,,,,
TBD,ROSRV: Runtime Verification for Robots,ROS1-LNA,VUL,I,Full,"ROS node names are self-reported, and a newly created node with an existing name may replace the legitimate node. The paper describes an attacker killing a navigation node and creating a fake node that publishes bogus messages. ROSRV’s [Nodes] policy binds permitted node names to designated host identities, and the demonstration shows that an attacker cannot pretend to be an existing legal node.","Sec. 1, pp. 1–2; Sec. 2.1, p. 3; Sec. 3.2, pp. 5–6; Appendix A, p. 8",IMP-DT,EP-SEED,"Full coverage because node impersonation is explicitly described, mitigated and demonstrated. The mechanism relies on source IP addresses rather than cryptographic identity, which remains a documented limitation.",,,,,,
TBD,ROSMonitoring: A Runtime Verification Framework for ROS,BSE,REL,SEM,Full,"The paper defines application-level behavioral properties over ROS messages and evaluates them using a simulated Mars Curiosity rover. The monitor intercepts commands on the wheels_control topic and checks whether turning commands exceed speed 10 or forward/backward commands exceed speed 15. Messages violating the property are discarded before reaching the rover controller, preventing unsafe high-speed turns that could cause the rover to roll over or crash.","Sec. 2, pp. 4–11; Sec. 3.1, pp. 11–13; Listing 3 and Curiosity property specification",IMP-FA,EP-PROP,"Primary code. The fault is a violation of an author-defined behavioral and domain-safety property. No lower-level programming, communication configuration or scheduling root cause is established.",,,,,,
TBD,ROS-Defender: SDN-Based Security Policy Enforcement for Robotic Applications,ROS1-UTA,VUL,I,Full,"The paper states that ROS topics and services have no effective access control beyond message-type compatibility, allowing arbitrary nodes to join topics, publish forged messages or directly establish connections outside the expected ROS graph. ROSDN maintains mappings among nodes, topics, services, ports and network flows, translates ROS-Policy-Language rules into OpenFlow rules and filters unauthorized connections at the SDN layer.","Sec. I–II, pp. 114–115; Sec. IV-A–D, pp. 116–117; Figs. 1–3",IMP-DT,EP-OBS,"Primary code. Topic- and service-level authorization is directly implemented. The evaluation confirms that the policy-enforcement infrastructure runs on physical and virtual ROS systems, although it does not report a systematic unauthorized-publishing attack suite.",,,,,,
TBD,ROS-Defender: SDN-Based Security Policy Enforcement for Robotic Applications,ROS1-LFQ,VUL,A,Partial,"The paper identifies denial of service and compromised-node traffic as gaps in existing ROS and SROS protection. ROSWatch profiles traffic volume, publishing rate, dropping rate, message age and activity duration, while ROS-Policy-Language supports bandwidth limits through OpenFlow meter tables and can drop traffic above configured thresholds.","Sec. I, p. 114; Sec. IV-A, C–D, pp. 116–118",IMP-RE,EP-OBS,"Flow-rate controls and traffic anomaly rules are implemented, but no dedicated DoS or publisher-flood attack experiment, detection rate or false-positive analysis is reported.",,,,,,
TBD,ROS-Defender: SDN-Based Security Policy Enforcement for Robotic Applications,ROS1-LNA,VUL,I,Partial,"The ROS attacker model states that network messages have no authentication, allowing an attacker to impersonate nodes, ROS Master or Parameter Server and spoof connections from arbitrary addresses. ROS-Defender correlates ROS graph state with observed ports and network flows and can block connections from nodes that do not comply with policy.","Sec. III, p. 116; Sec. IV-A–B, pp. 116–117",IMP-DT,EP-CLAIM,"The paper directly analyzes impersonation, but ROS-Defender does not introduce cryptographic node authentication. Its enforcement depends on ROS Master state, network observations and, where enabled, SROS certificates.",,,,,,
TBD,ROS-Defender: SDN-Based Security Policy Enforcement for Robotic Applications,ROS1-LE,VUL,C,Partial,"The paper explicitly states that ordinary ROS node-to-node, node-to-Master and node-to-Parameter-Server communication is unencrypted and can be observed, intercepted or modified. ROS-Policy-Language can check whether traffic appears encrypted using entropy estimation, and ROS-Defender can operate together with SROS/TLS, but it does not itself encrypt ROS traffic.","Sec. I–III, pp. 114–116; Sec. IV-D, pp. 117–118",IMP-DS,EP-CLAIM,"The confidentiality defect is analyzed, but the proposed system primarily monitors or enforces whether encryption is present rather than supplying an independent encryption protocol.",,,,,,
TBD,Towards a Robotic Intrusion Prevention System: Combining Security and Safety in Cognitive Social Robots,ROS2-MPIB,VUL,I,Partial,"The proposed RIPS rule language can inspect the number and identity of publishers and subscribers associated with a ROS 2 topic. Functions such as publishers, publishersinclude, topicpublishers and topicpublishersinclude allow the system to detect a publisher that is not part of the expected ROS 2 computation graph. RIPS may then issue an alert, execute a filtering program or transition the robot to a more restrictive System Mode.","Sec. 4.3–4.4, pp. 5–6; Sec. 5, pp. 6–8; Figs. 1 and 3",IMP-DT,EP-CLAIM,"Primary code. The capability directly addresses unexpected or impersonated publishers on shared topics, but no forged-publisher or publisher-impersonation attack is executed. The experimental RIPS core is emulated.",,,,,,
TBD,Towards a Robotic Intrusion Prevention System: Combining Security and Safety in Cognitive Social Robots,ROS2-UTFAN,VUL,A,Partial,"The paper explicitly states that a RIPS rule can maintain a message counter together with the current time to detect flooding attacks. Its action model can execute an external firewall or filtering program, increase the alert level and switch the robot to a restricted or halted operating mode.","Sec. 4.3, p. 5; Sec. 4.4.1, pp. 5–6",IMP-RE,EP-CLAIM,"Flooding detection and mitigation are explicit design capabilities, but the evaluation contains no authenticated-node flooding experiment, traffic-rate benchmark, detection accuracy or false-positive measurement.",,,,,,
TBD,Watch Your Callback: Offline Anomaly Detection Using Machine Learning in ROS 2,SEF,REL,CODE,Full,"The method directly monitors callback response time and invocation frequency as indicators of abnormal execution. In the evaluation, the authors modify the callbackJointState callback by injecting delays of 10–100 ms and 500–1000 ms, shortening its normal 500 ms interval to 100–200 ms, or extending it to 900–1000 ms. Isolation Forest, OCSVM and Autoencoder are then evaluated on detecting these temporal callback deviations.","Sec. III-C–D, pp. 60766–60767; Sec. IV-B–F, pp. 60767–60771; Fig. 4; Table 1; Tables 3–5",IMP-FA,EP-SEED,Primary code. The directly manipulated and measured defect locus is callback execution timing. Coverage does not establish the prevalence of real ROS 2 executor faults because the cases are author-created.,,,,,,
TBD,Watch Your Callback: Offline Anomaly Detection Using Machine Learning in ROS 2,ROS2-UTFAN,VUL,A,Partial,"The four malicious scenarios are designed to emulate direct and indirect DoS behavior. The burst scenario increases callback invocation frequency to represent Ping of Death or SYN flooding, while the response-time and delayed-frequency scenarios emulate RUDY, Slowloris and related service-degradation attacks.","Sec. I, pp. 60763–60765; Sec. IV-B, pp. 60767–60768; Fig. 5; Table 1",IMP-RE,EP-SEED,"Partial because the experiments perturb a callback directly; they do not implement an authenticated DDS publisher or service client, nor separately demonstrate that missing throttling or backpressure permits the attack.",,,,,,
TBD,Intrusion Detection on Robot Cameras Using Spatio-Temporal Autoencoders: A Self-Driving Car Application,ROS1-UTA,VUL,I,Full,"The attack model allows a fake node to publish to the camera image topic and to intercept, inject, modify or replay camera frames. The evaluated cases include black or white frame insertion, past-image replay, image blurring, object concealment and modification of a traffic light from red to green. The proposed detector is directly evaluated on all ten attack scenarios.","Sec. I-A, p. 1; Sec. II, p. 2; Fig. 1; Table I; Sec. IV-D, pp. 4–5",IMP-DT,EP-SEED,Primary code. The direct defect mechanism is unauthorized publication and alteration of data on a ROS topic. Object misclassification is the resulting impact rather than a BSE fault.,,,,,,
TBD,Intrusion Detection on Robot Cameras Using Spatio-Temporal Autoencoders: A Self-Driving Car Application,ROS1-LFQ,VUL,A,Full,Scenarios 5 and 6 inject multiple successive duplicate or black images to flood the image-processing node. These flooding sequences are included in the experimental dataset and evaluated using the reconstruction model.,"Sec. II, p. 2; Table I; Fig. 2; Sec. IV-D, p. 5; Fig. 6",IMP-RE,EP-SEED,"Directly evaluated malicious message flooding. The paper does not implement rate limiting, queue control or mitigation; it detects the resulting anomalous frames.",,,,,,
TBD,Intrusion Detection on Robot Cameras Using Spatio-Temporal Autoencoders: A Self-Driving Car Application,ROS1-LNA,VUL,I,Partial,"The adversarial model assumes that an attacker can create a fake ROS node and insert it between the camera publisher and image-processing subscriber. However, the paper does not separately test malicious registration, duplicate node identity, certificate validation or authentication bypass.","Sec. I-A, p. 1; Sec. II, p. 2; Fig. 1",IMP-DT,EP-CLAIM,"The fake node is part of the assumed attack model, while the evaluation operates on already perturbed image sequences. Therefore, node authentication receives Partial rather than Full.",,,,,,
TBD,Intrusion Detection on Robot Cameras Using Spatio-Temporal Autoencoders: A Self-Driving Car Application,ROS1-LE,VUL,C,Partial,"The paper states that ROS node communication lacks protection and may allow attackers to learn confidential information or conduct a man-in-the-middle attack. Nevertheless, the proposed detector neither analyzes plaintext network traffic nor implements encryption.","Sec. I-A–B, p. 1",IMP-DS,EP-CLAIM,Lack of communication confidentiality is explicitly discussed but is not part of the experimental evaluation.,,,,,,
TBD,Detecting Data Injection Attacks in ROS Systems Using Machine Learning,ROS1-UTA,VUL,I,Full,"The paper explicitly defines the studied attack as unauthorized publishing. The attacker invokes publisherUpdate on the /gazebo subscriber, adds a fake publisher named /turtlebot3_false, and injects incorrect movement messages into /cmd_vel in parallel with the legitimate /turtlebot3_drive publisher. The resulting network traffic is used to train and evaluate the SVM detector.","Sec. III-B, p. 225; Sec. IV-A–B, pp. 226–227; Figs. 2, 4 and 5",IMP-DT,EP-SEED,Primary code. This is a directly implemented and evaluated topic-injection attack. The resulting unpredictable movement and collision risk are secondary functional impacts.,,,,,,
TBD,Detecting Data Injection Attacks in ROS Systems Using Machine Learning,ROS1-LNA,VUL,I,Partial,"The paper states that ROS nodes do not need to identify or authenticate themselves before acting and that the ROS Master cannot enforce a mapping between topics and legitimate nodes. The experiment uses a fake ROS node, but it does not separately evaluate duplicate-node registration, identity impersonation, certificate validation or authentication bypass.","Sec. III-A, pp. 224–225; Sec. IV-A, p. 227",IMP-DT,EP-CLAIM,"Authentication absence is an explicit enabling condition, but the evaluated mechanism is unauthorized publishing rather than a distinct node-authentication experiment.",,,,,,
TBD,Trusted Operations of a Military Ground Robot in the Face of Man-in-the-Middle Cyberattacks Using Deep Learning Convolutional Neural Networks: Real-Time Experimental Outcomes,ROS1-UTA,VUL,I,Full,"ROS 1 allows nodes to participate in open topics without adequate authorization. In the evaluated attack, RosPenTo is used to compromise the /cmd_vel control topic: legitimate commands from /jaus_mobility are overwritten by unintended traffic originating from /gvrbot_imu_filter, causing /gvrbot_mobility to receive false control information. The attack is executed in real time on the physical GVR-BOT and is used to construct the malicious training and test data.","Sec. II, pp. 2275–2276; Sec. V, p. 2279; Fig. 6; Sec. VI-A, pp. 2279–2280; Figs. 7–9",IMP-DT,EP-SEED,Primary code. The experimentally demonstrated mechanism is unauthorized modification and injection of control-topic data.,,,,,,
TBD,Trusted Operations of a Military Ground Robot in the Face of Man-in-the-Middle Cyberattacks Using Deep Learning Convolutional Neural Networks: Real-Time Experimental Outcomes,ROS1-LNA,VUL,I,Partial,"The paper identifies ROS 1’s anonymous graph structure, lack of payload-authenticity verification, and inability to identify malicious participants as enabling conditions for the attack. However, it does not separately evaluate node registration impersonation, duplicate node names, certificates, challenge-response authentication, or authentication bypass.","Sec. I, p. 2274; Sec. II, pp. 2275–2276",IMP-DT,EP-CLAIM,"Authentication weakness is explicit, but the experimental case focuses on control-topic traffic replacement rather than a distinct node-authentication attack.",,,,,,
TBD,Trusted Operations of a Military Ground Robot in the Face of Man-in-the-Middle Cyberattacks Using Deep Learning Convolutional Neural Networks: Real-Time Experimental Outcomes,ROS1-LE,VUL,C,Partial,"The paper explicitly states that ROS 1 network traffic is unencrypted, allowing attackers to eavesdrop, record or manipulate data and conduct man-in-the-middle attacks. Nevertheless, the experimental outcome is command-data replacement rather than a separately measured confidentiality breach, packet-decryption experiment or intercepted sensitive-data case.","Sec. I, p. 2274; Sec. II, pp. 2275–2276",IMP-DS,EP-CLAIM,"Plaintext communication is an explicit enabling weakness, but confidentiality loss is not independently evaluated.",,,,,,
TBD,DCWM-LSTM: A Novel Attack Detection Framework for Robotic Arms,ROS1-UTA,VUL,I,Full,"In the replay scenario, an attacker creates and registers a ROS node, requests information about the target publisher, subscribes to the target data, records two minutes of legitimate data and then continuously republishes the recorded data to the robotic system. The attack is implemented against the physical robotic-arm environment and directly evaluated using the resulting joint-position and velocity traces.","Sec. III-A.1, p. 20551; Fig. 4; Sec. III-B.1, pp. 20551–20552; Fig. 6; Sec. V, pp. 20555–20558",IMP-DT,EP-SEED,Primary code. Replay is an unauthorized ROS data-access and republication operation. Its principal consequence is replacement of current system information with previously valid data.,,,,,,
TBD,DCWM-LSTM: A Novel Attack Detection Framework for Robotic Arms,ROS1-LFQ,VUL,A,Full,"In the subscriber-flood scenario, the attacker sends multiple consecutive subscription requests to ROS-Master. ROS-Master then attempts to process and propagate the requests, leading to Master overload or crash, delays in robotic-arm movements and temporary loss of responsiveness. Three one-minute flooding periods are injected and evaluated in the physical testbed.","Sec. I, p. 20548; Sec. III-A.2, p. 20551; Fig. 5; Sec. III-B.2, pp. 20551–20552; Fig. 7; Sec. V, pp. 20557–20558",IMP-RE,EP-SEED,Directly implemented ROS-specific DoS case. The authors report that the arm remained unresponsive for approximately four minutes after the second attack.,,,,,,
TBD,DCWM-LSTM: A Novel Attack Detection Framework for Robotic Arms,ROS1-LNA,VUL,I,Partial,"Both attack scenarios rely on an attacker being able to create and register a node with ROS-Master without authentication. The paper also explicitly states that ROS lacks the authentication mechanisms required for basic access control. However, it does not separately test node-name impersonation, certificate validation, registration authentication or identity-binding mechanisms.","Sec. I, p. 20548; Sec. III-A, p. 20551",IMP-DT,EP-CLAIM,"Lack of node authentication is an explicit enabling condition, but the evaluated attack objectives are replay and flooding rather than authentication bypass itself.",,,,,,
TBD,ROZZ: Property-based Fuzzing for Robotic Programs in ROS,GPE,REL,CODE,Full,"ROZZ directly detects 43 real bugs in ten ROS 2 programs: six null-pointer dereferences, five use-after-free defects, three buffer or stack overflows, eleven invalid-pointer accesses and eighteen uncaught exceptions. Root-cause analysis attributes confirmed bugs to callback data races and incorrect synchronization, missing or incorrect validation and exception handling, and stack-memory misuse. Twenty bugs were confirmed and fixed by ROS developers. The ROS 1 evaluation additionally finds two invalid-pointer accesses and four uncaught exceptions.","Sec. IV-A–B, pp. 6788–6790; Tables II–III; Fig. 6; Sec. IV-D, p. 6790; Table V",IMP-OA,EP-OBS,Primary and only supported leaf code. Most defects cause node crashes or abnormal termination of robot tasks; some memory-safety defects may also cause undefined robot behavior or create security risk.,,,,,,
TBD,Multi-Dimensional and Message-Guided Fuzzing for Robotic Programs in Robot Operating System,GPE,REL,CODE,Full,"ROFER finds 88 real implementation defects across 13 ROS 2 programs: 10 null-pointer dereferences, 8 use-after-free defects, 14 buffer or stack overflows, 17 invalid-pointer accesses and 39 unhandled exceptions. Root-cause analysis shows defects involving harmful data races during message handling, missing synchronization, incorrect handling of configuration parameters, missing or incorrect safety checks, and improper exception handling. Forty-six bugs were confirmed by ROS developers.","Sec. 5.2–5.3, pp. 769–772; Tables 4–6; Figs. 5–6",IMP-OA,EP-OBS,"Primary and only supported leaf code. The observed consequences include initialization failure, loss of response, abnormal stopping, collision and incorrect task completion.",,,,,,
TBD,Toward the Trustworthiness of Industrial Robotics Using Differential Fuzz Testing,BSE,REL,SEM,Full,"RROSFuzz supplies identical six-joint target-angle arrays to the Python moveit_commander and C++ move_group_interface implementations. Approximately 60.78% of the 15,246 test cases produce inconsistent end-effector positions or orientations. Validation using final joint-angle values shows that 74.56% of inconsistent cases are closer to the result of move_group_interface. The authors attribute the discrepancy to joint-angle overflow or incorrect angle handling in moveit_commander.arm.go(), which can prevent the arm from reaching the specified target and may cause obstacle collision.","Sec. IV-B–D, pp. 2786–2789; Figs. 7–10; Tables III–IV; Sec. VII, p. 2790",IMP-FA,EP-OBS,"Primary and only supported leaf code. The defect is identified through inconsistent robot-motion semantics rather than a crash, memory-safety violation or ROS communication failure.",,,,,,
TBD,RoboFuzz: Fuzzing Robotic Systems over Robot Operating System (ROS) for Finding Correctness Bugs,BSE,REL,SEM,Full,"The paper directly defines and evaluates three semantic-correctness families: violations of physical laws, violations of robot specifications, and cyber-physical discrepancies. RoboFuzz detects specification and behavioral faults in PX4, TurtleBot3, MoveIt 2, and Turtlesim, including unconstrained acceleration, incorrect motor and joint limits, inconsistent simulated and physical behavior, zero velocity reported during movement, and physically infeasible states.","Abstract; Sec. 2.3, pp. 449–450; Secs. 4.1–4.4, pp. 452–453; Sec. 5.1 and Table 2, pp. 454–456",IMP-FA,EP-OBS,"Primary code. The defects were triggered with concrete messages, replayed for validation, and many were acknowledged or fixed by developers.",,,,,,
TBD,RoboFuzz: Fuzzing Robotic Systems over Robot Operating System (ROS) for Finding Correctness Bugs,GPE,REL,CODE,Full,"RoboFuzz directly discovers implementation-level defects in ROSIDL, rclpy, rclcpp, and application controllers, including type confusion, missing range and type validation, implicit value conversion, incorrect return logic, missing NULL checks causing null-pointer dereference, unhandled exceptions, and unreachable error-checking code.","Secs. 4.5–4.6, pp. 453–454; Table 2, bugs 16–30, p. 456; Sec. 6, p. 457",IMP-FA; IMP-OA,EP-OBS,These are coded by implementation root cause rather than by the resulting physical or semantic symptom. Bug 27 produces a hard failure through null-pointer dereference.,,,,,,
TBD,RoboFuzz: Fuzzing Robotic Systems over Robot Operating System (ROS) for Finding Correctness Bugs,ICF,REL,SEM,Full,Table 2 reports an acknowledged mismatch in the PX4 trajectory-setpoint message definition. This is a direct ROS message-interface contract defect rather than merely an incorrect downstream behavior.,"Sec. 5.1, Table 2, bug 03, p. 456",IMP-FA,EP-OBS,Limited to the distinct message-definition mismatch. Other specification and physical-property violations remain BSE.,,,,,,
TBD,DiscoFuzzer: Discontinuity-based Vulnerability Detector for Robotic Systems,BSE,REL,SEM,Full,"DiscoFuzzer treats discontinuous or unexpected changes in robotic outputs as correctness anomalies. It calculates first and second derivatives, checks whether past inputs improperly dominate current states, and detects output fields that change contrary to their normal input–output relationships. The motivating example detects uncontrolled rapid joint rotation caused by failure to enforce a physical constraint. Its discontinuity analysis detected 63 distinct issues, including six previously unknown issues.","Abstract; Sec. 2 and Fig. 1, pp. 2–4; Sec. 4.2, pp. 6–7; Sec. 5.3 and Fig. 4, p. 9",IMP-FA,EP-HIST; EP-OBS,"Primary code. The method directly targets violations of physical continuity and expected robotic behavior. The paper calls these findings vulnerabilities, but the evaluated root cause is primarily internal behavioral correctness rather than missing authorization or another security policy.",,,,,,
TBD,DiscoFuzzer: Discontinuity-based Vulnerability Detector for Robotic Systems,GPE,REL,CODE,Partial,"The paper explicitly discusses memory-overflow effects, floating-point calculation errors, division values tending toward infinity, propagation of NaN/infinity and process crashes. DiscoFuzzer includes a separate crash detector, which identified 22 distinct issues. However, the paper does not describe the implementation root cause of each detected benchmark issue, so crashes alone are insufficient for Full GPE coverage.","Sec. 2.2, p. 4; Secs. 4.2–4.3, pp. 6–7; Sec. 5.3, p. 9",IMP-OA; IMP-FA,EP-OBS,"Partial because the capability and observed failure manifestations are explicit, but detailed source-level root causes are mainly stored in external issue trackers and an unavailable benchmark JSON file.",,,,,,
TBD,Enhancing ROS System Fuzzing through Callback Tracing,GPE,REL,CODE,Full,"R2D2 discovered 39 previously unknown implementation defects: 23 memory-related defects and 16 concurrency-related defects. Table 1 explicitly reports OOM, buffer overflows, use-after-free, segmentation faults, double-free, null-pointer dereferences, memory leaks, data races, and deadlocks in ROS 2 runtime components and applications. Eight defects were confirmed and six were fixed.","Sec. 3, p. 78; Sec. 5.2 and Table 1, pp. 82–83; Fig. 8, p. 83",IMP-OA; IMP-FA,EP-OBS,"Primary code. Generic races and deadlocks are classified as GPE under the manual unless their root cause is specifically an executor, callback-group, queue, or scheduling configuration fault.",,,,,,
TBD,Enhancing ROS System Fuzzing through Callback Tracing,SEF,REL,CODE,Partial,"The paper analyzes a ROS executor scheduling fault in which low- and high-priority mutex operations share wait_mutex_, delaying timer insertion and producing irregular callback timing. R2D2 consequently monitors callback execution latency, scheduling latency, callback ordering, and message throughput as indicators of runtime state. However, the evaluated 39 new defects are reported mainly as memory and generic concurrency bugs rather than as a separately validated scheduling-fault category.","Sec. 3 and Fig. 2, pp. 78–79; Secs. 4.1–4.2 and Figs. 4–6, pp. 80–81",IMP-OA; IMP-FA,EP-HIST,Partial because the executor-scheduling fault is an externally existing ROS issue used to motivate the approach; the paper does not establish timing or scheduling fault detection as an independently evaluated output category.,,,,,,
TBD,Property-Based Testing for the Robot Operating System,ICF,REL,SEM,Full,"The paper identifies ROS component orchestration as a common source of bugs: developers must use configuration files, topic and service names, namespaces, launch files, and remappings to ensure that nodes communicate through the intended interfaces. The proposed generator extracts the computation graph with HAROS, identifies open input and output topics, generates matching publishers and subscribers, and checks that the runtime ROS interface remains stable.","Abstract and Sec. 1, pp. 56–57; Secs. 2.2–2.3, p. 58; Secs. 3–3.2, pp. 59–60; Conclusion, p. 62",IMP-FA,EP-PROP,Primary code. The method directly verifies node/topic integration and expected computation-graph structure. The evidence is primarily an implemented architectural property rather than a reported real-world misconfiguration.,,,,,,
TBD,Property-Based Testing for the Robot Operating System,BSE,REL,SEM,Full,"The generated tests support user-defined behavioral, historical, and temporal contracts relating received messages to expected outputs. In the Kobuki experiment, the authors specify a safety-controller property connecting bumper, cliff and wheel-drop sensor states to velocity commands; Hypothesis automatically generates a minimal message sequence that falsifies the property.","Sec. 1, pp. 56–57; Sec. 3.2, p. 60; Sec. 3.3 and Figs. 9–11, pp. 60–61",IMP-FA,EP-PROP,"The counterexample validates property-checking capability. The property was intentionally simplified for illustration, so it does not establish the prevalence of a real Kobuki defect.",,,,,,
TBD,Property-Based Testing for the Robot Operating System,GPE,REL,CODE,Partial,"The test framework attempts to generate message sequences that crash a configuration and includes a default liveness property requiring all tested nodes to remain alive and responsive. However, the preliminary evaluation does not report a concrete crash, exception, memory error, or source-level implementation defect.","Sec. 1, p. 57; Sec. 3.1, p. 59; Sec. 3.2, p. 60",IMP-OA,EP-CLAIM,"Partial only. Node termination is an observable consequence, but no specific GPE root cause is demonstrated.",,,,,,
TBD,Checking consistency of robot software architectures in ROS,ICF,REL,SEM,Full,"ROS nodes connect implicitly through named topics and services. Incorrect launch configuration can therefore create disconnected components, unintended connections, missing publishers, incorrect remappings, or incompatible topic and service relationships. The proposed tool reconstructs the expected ROS graph from launch files and sandboxed node execution, and reports publishers and subscribers so that inconsistencies such as subscribed but unpublished topics can be detected.","Abstract; Sec. 1.1, pp. 1–2; Sec. 3 and Fig. 1, p. 3; Sec. 3.5, p. 6; Sec. 4, Tables 1–3, pp. 6–7",IMP-FA / IMP-OA,EP-PROP,Full because architectural consistency is the direct study target and an implemented prototype is evaluated. The evaluation mainly validates node-graph reconstruction accuracy rather than measuring precision and recall on a benchmark of independently reported configuration defects.,,,,,,
TBD,Static-time Extraction and Analysis of the ROS Computation Graph,ICF,REL,SEM,Full,"The paper directly targets ROS orchestration and interface consistency. Its queries detect publisher/subscriber message-type mismatches, disconnected topics with similar names, missing or incorrect name remappings, problematic global ROS names, conditional endpoints, and whether nodes are connected transitively to the robot base. The authors report that use of global ROS names was an actual issue in AgRob V16 and that the tool helped correct it.","Abstract and Sec. I, pp. 62–63; Sec. III-C, pp. 65–66; Sec. IV-B and Figs. 9–10, pp. 67–68",IMP-FA,EP-OBS,Primary code. The defects arise from incorrect relationships and bindings between ROS entities rather than from robot-domain semantics or generic source-code logic.,,,,,,
TBD,Static-time Extraction and Analysis of the ROS Computation Graph,SEF,REL,CODE,Partial,"The query catalogue checks for unbounded message queues and queues of size one. The paper explains that unbounded queues may exhaust memory, while size-one queues may cause message loss. Several size-one queues were observed in AgRob V16, mainly in third-party packages, but the study did not execute experiments showing actual queue overflow, missed deadlines, or runtime failure.","Sec. IV-B, p. 67",IMP-RE; IMP-FA,EP-OBS,"Partial because risky queue configurations are explicitly identified, but their runtime consequences are not directly evaluated.",,,,,,
TBD,Verification of System-Wide Safety Properties of ROS Applications,BSE,REL,SEM,Full,"The method directly verifies behavioral and domain-semantic safety properties relating sensor messages, operating modes, command values and actuator behavior. In AgRob V16, model checking showed that the property requiring in-place rotation during autonomous path-following to be justified by laser obstacle detection did not hold: accumulated localization errors could cause the PathPlanner to issue a rotation command even though no laser obstacle message existed.","Abstract; Sec. II and Figs. 5–8, pp. 7249–7250; Sec. IV, Figs. 14–15 and Table I, pp. 7253–7254",IMP-FA,EP-PROP,"Primary code. The property was developed with AgRob V16 domain experts and a concrete counterexample was produced by bounded model checking. Because the issue was not independently reproduced at runtime, the evidence establishes property coverage rather than real-world defect prevalence.",,,,,,
TBD,A Framework for Quality Assessment of ROS Repositories,GPE,REL,CODE,Full,"HAROS performs static analysis of ROS source repositories and reports source-code quality metrics, quality-threshold violations and violations of C++ coding standards. Its plug-ins wrap tools such as Cppcheck and roslint and support approximately 120 coding rules. Evaluation on 180 ROS packages identified overly complex, tightly coupled and insufficiently documented code, together with large numbers of ROS C++ coding-standard violations.","Abstract and Sec. I, pp. 1–2; Sec. IV-C and Table I, pp. 4–5; Sec. V and Table II, pp. 5–6; Sec. VI, p. 6",IMP-FA,EP-OBS,Full because source-code quality and potential implementation defects are the direct analysis target and the implemented tool is applied to real public ROS repositories. The study primarily measures defect indicators rather than confirmed runtime bugs.,,,,,,
TBD,ROSInfer: Statically Inferring Behavioral Component Models for ROS-based Robotics Systems,ICF,REL,SEM,Full,"The paper defines behavioral architectural composition bugs as failures caused by inconsistent component composition and manifested through inter-component communication. In the motivating Autoware.AI case, lattice_trajectory_gen requires an odom_pose input before it can periodically publish its output, but no component sends the required message, causing the component to wait indefinitely. ROSInfer recovered the required trigger and detected this defect, together with autoware-03 and autoware-10, whose important behaviors also depended on required inputs not connected to publishers.","Sec. 1, pp. 1–2; Sec. 2.3 and Figs. 1–2, p. 3; Sec. 5.3, pp. 10–11",IMP-FA,EP-HIST; EP-OBS,"Primary code. The behavior model exposes that an input is required, but the underlying fault is a missing publisher–subscriber connection or missing endpoint in the system composition, which falls under ICF.",,,,,,
TBD,Towards Automatic Inference of Behavioral Component Models for ROS-Based Robotics Systems,BSE,REL,SEM,Full,"The paper identifies behavioral architectural composition bugs arising when ROS components make undocumented assumptions about initialization messages, internal states, input-output causality or publication frequency. ROSInfer reconstructs reactive, periodic and state-dependent component behavior from ROS API calls, state variables and control flow. It was evaluated on five real-world ROS systems comprising 534 components, using 155 manually constructed behavioral models as ground truth, and reports precision and recall for periodic, reactive and state-dependent behavior. The inferred models have already enabled the automatic detection of three real-world bugs.","Sec. 1, p. 1; Sec. 2.1 and Fig. 1, p. 2; Sec. 2.2, p. 3; Sec. 2.4, p. 4",IMP-FA,EP-OBS,Full because behavioral composition defects are the direct research object and the completed static-analysis component is empirically evaluated. The proposed injected-bug and developer-study evaluations are not counted as completed evidence.,,,,,,
TBD,Lightweight Detection of Physical Unit Inconsistencies without Program Annotations,BSE,REL,SEM,Full,"The study defines unit inconsistencies as operations that violate physical dimensional semantics, including assigning meters to a meters-per-second field, comparing linear and angular velocity, and adding force-derived and torque-derived quantities. Its static-analysis tool propagates units from ROS shared message libraries and detects inconsistent assignment, addition and comparison. Evaluation on 213 ROS systems found inconsistencies in 24 systems, with an 87% true-positive rate for high-confidence findings.","Abstract and Sec. 1, pp. 1–2; Sec. 2.2, pp. 3–4; Sec. 3 and Algorithm 1, pp. 3–7; Sec. 5, Tables 2–4, pp. 7–9; Sec. 7, p. 10",IMP-FA,EP-OBS,"Full because physical-unit inconsistency is the direct defect target, the tool is implemented, and defects are detected in real ROS repositories. One reported Romeo robot defect was acknowledged and patched by its developers.",,,,,,
TBD,"Phriky-Units: A Lightweight, Annotation-Free Physical Unit Inconsistency Detection Tool",BSE,REL,SEM,Full,"Phriky-Units detects three forms of physical-unit semantic inconsistency in ROS C++ programs: addition or subtraction of incompatible units, comparison of incompatible units, and assignment of multiple incompatible units to the same variable. The tool associates ROS message fields with physical units, propagates the units through expressions and reports violations of dimensional-analysis rules. The paper reports 217 findings across 213 projects and an 87% true-positive rate for high-confidence findings.","Abstract and Sec. 1, p. 1; Fig. 2 and Sec. 2, pp. 1–3; Sec. 4, Figs. 4–5, pp. 3–4",IMP-FA,EP-OBS,"Full defect coverage, but the empirical results are reused from the authors’ longer companion paper rather than generated by an independent evaluation in this publication.",,,,,,
TBD,Phys: Probabilistic Physical Unit Assignment and Inconsistency Detection,BSE,REL,SEM,Full,"Phys detects violations of physical-unit semantics, including addition or subtraction of incompatible units, comparison of incompatible units, assignments between different units and inconsistent units supplied to the same function argument. It probabilistically infers units from ROS message definitions, dataflow, variable names, mathematical expressions, known symbols and conversion patterns. Evaluation on ROS C++ files shows that Phys infers units for 159.3% more variables than Phriky and detects 103.3% more inconsistencies, while maintaining an overall reported true-positive rate of approximately 85.3%.","Abstract and Sec. 1, pp. 1–2; Sec. 2.1, pp. 2–3; Secs. 3–4 and Figs. 1–3, pp. 3–7; Sec. 5 and Tables 4–7, pp. 7–10",IMP-FA,EP-OBS,"Full because physical-unit inconsistency is the direct defect target, the method is implemented and real inconsistencies are identified in public ROS software. The expanded evaluation reports 156 true-positive inconsistencies in 45 files, compared with 75 found by Phriky.",,,,,,
TBD,PhysFrame: Type Checking Physical Frames of Reference for Robotic Systems,BSE,REL,SEM,Full,"PhysFrame models physical frames and transformations as types and detects violations involving incorrect transform values, axis-orientation conventions, transform directions, and physical-frame semantics. The motivating ORB-SLAM2 case omits the final conversion from RDF back to ROS FLU orientation, producing a transform that can cause downstream robot misbehavior. The evaluation directly reports incorrect-transform findings and violations of common frame conventions.","Sec. 2.3, pp. 47–48; Sec. 3, pp. 48–49; Sec. 4.2.3, pp. 52–53; Tables 3 and 5, pp. 53–54",IMP-FA,EP-OBS,"Primary code. Although the defect is implemented in C/C++ code, the root cause is incorrect physical and coordinate-frame semantics, so it is BSE rather than GPE.",,,,,,
TBD,PhysFrame: Type Checking Physical Frames of Reference for Robotic Systems,ICF,REL,SEM,Full,"PhysFrame explicitly detects malformed relationships and configuration bindings among ROS frames, including multiple parents or cycles in the TF tree, incorrect TF-tree ordering, missing frame or child-frame identifiers, redundant transforms, and reversed transform naming. These faults are directly evaluated on 180 public ROS projects, and several findings were fixed or acknowledged by developers.","Sec. 2.2, pp. 46–47; Sec. 4.2.3, pp. 52–53; Sec. 5.1–5.2, pp. 53–54; Tables 3–4, pp. 53–54",IMP-FA,EP-OBS,"Independent secondary defect family. These cases concern frame relationships, identifiers, TF-tree contracts, and launch/source configuration rather than the physical values of the transformation.",,,,,,
TBD,SA4U: Practical Static Analysis for Unit Type Error Detection,BSE,REL,SEM,Full,"SA4U detects unit-type errors involving incompatible physical units, scale differences within the same dimension, and mismatched reference frames. Examples include subtracting meters from centimeters, confusing microseconds with other timestamp representations, and processing coordinates expressed in an unsupported reference frame. Evaluation on ArduPilot and PX4 identified 14 previously unknown errors and detected five of six selected historical errors.","Abstract and Sec. 1, pp. 1–2; Sec. 2 and Figs. 1–3, pp. 2–4; Secs. 3–4 and Fig. 4, pp. 4–7; Sec. 5 and Tables 3–6, pp. 7–9; Sec. 6, pp. 9–10",IMP-FA / IMP-OA,EP-OBS,"Full defect coverage in the broader robotic-software domain, but not direct evidence about ROS. Fourteen newly reported bugs constitute EP-OBS; the six previously known bugs provide additional historical validation.",,,,,,
TBD,UPPAAL-Based Modeling and Verification of ROS 2 Multi-threaded Execution and Operating System Reservations,SEF,REL,CODE,Full,"The study directly models and verifies ROS 2 multi-threaded executor scheduling, callback-group mutual exclusion, ready-set resetting, callback blocking, starvation risk, and delays introduced by underlying OS reservations. Experiments show that using two mutually exclusive executor threads can produce higher callback latency than one thread; lower-priority callbacks may be repeatedly blocked by newly released higher-priority callbacks, potentially leading to starvation. UPPAAL timed-automata templates calculate worst-case callback latency and reproduce the observed ROS 2 execution traces.","Sec. 1, PDF pp. 4–5; Secs. 3.3–3.5, PDF pp. 11–15; Sec. 4.2, PDF pp. 16–18, Figs. 8–9 and Tables 1–2; Secs. 4.3–4.4, PDF pp. 18–20, Fig. 10",IMP-FA,EP-OBS,"The strongest evidence is the callback-latency and execution-order behavior observed in real ROS 2 test-system traces. The operating-system reservation extension is evaluated using synthetic traces and manual calculations, so that part has weaker independent grounding. Do not assign a vulnerability code merely because the paper uses the word “vulnerabilities”; the root cause is ROS executor scheduling and runtime execution behavior.",,,,,,
TBD,A Model-Based Methodology for Automated Verification of ROS 2 Systems,SEF,REL,CODE,Partial,"The methodology explicitly targets ROS 2 executor-related timing and execution faults, particularly callback blocking, excessive callback latency, insufficient input-buffer capacity, buffer overflow, and missed callback instances. It derives callback release times, execution times, periods, and buffer sizes from ROS2_tracing, transforms them through Eclipse metamodels, and generates UPPAAL models intended to verify these properties. However, the proof-of-concept evaluation primarily validates trace extraction, model transformations, and generation of executable UPPAAL code; it does not present a directly evaluated fault-triggering case or a demonstrated latency/buffer property violation in the studied example.","Abstract, PDF p. 1; Sec. 1.1, PDF p. 2; Secs. 2.3–2.4, PDF p. 3; Secs. 3.1–3.2 and Figs. 3–4, PDF pp. 4–6; Sec. 4.2, PDF p. 7; Sec. 6, PDF pp. 7–8",IMP-FA,EP-CLAIM,"Partial, rather than Full, because the paper directly proposes automation for SEF verification but does not independently demonstrate an actual callback-blocking, buffer-overflow, or missed-instance defect in its proof-of-concept evaluation. The concrete defect evidence is largely inherited from the authors’ earlier executor studies and UPPAAL templates.",,,,,,
TBD,Formal Verification of ROS-based Robotic Applications using Timed-Automata,SEF,REL,CODE,Full,"The paper directly studies faults caused by ROS queue sizes, publisher rates, subscriber spin rates, callback execution times, communication delays, and callback timeouts. UPPAAL verification shows that unsuitable parameter combinations cause publisher or subscriber queue overflow. In the Kobuki case study, overflow can replace safety-critical sensor messages before they are processed, while priority and timeout configurations can prevent RandomWalker velocity commands from ever reaching the robot motor.","Sec. IV-A–C, pp. 46–47; Sec. V-A–C, pp. 47–50; Table I, p. 48; Figs. 5–6, pp. 48–50",IMP-FA,EP-PROP,Primary and only defect code. The violations are demonstrated through author-defined safety and liveness properties over timed-automata models. They are not validated through physical robot execution.,,,,,,
TBD,Pattern-based verification of ROS 2 applications using UPPAAL,SEF,REL,CODE,Full,"The paper directly verifies faults arising from ROS 2 executor scheduling, callback execution latency, callback blocking, and insufficient input or output buffer sizes. A buffer overflow causes callback instances or messages to be missed. In SC2, the model checker detects a buffer overflow under ExV2, and the result corresponds to the actual ROS 2 execution. The approach also computes worst-case callback latency and generates counterexample traces for potentially problematic scheduling paths. SC3 separately demonstrates output-buffer overflow under different buffer sizes, delays, and jitter values.","Sec. 2.1, pp. 314–316; Sec. 3.1–3.2, pp. 317–320; Sec. 4, pp. 320–324; Sec. 5.1.1, pp. 324–325; Sec. 6, pp. 325–330; Tables 2 and 4",IMP-FA,EP-SEED,"The evaluated scenarios are author-constructed ROS 2 benchmark configurations. SC1 and SC2 are additionally checked against actual ROS 2 execution traces, but the fault-triggering configurations remain synthetic experimental cases.",,,,,,
TBD,Verifying ROS-Based Applications Using Timed and Stochastic Timed Automata,SEF,REL,CODE,Full,"The paper directly analyzes ROS scheduling and execution faults involving callback/task priorities, processing windows, periodic and subscription-triggered jobs, WCET/BCET variation, task queues and probabilistic system load. It verifies the maximum end-to-end reaction time from sensor release to actuator completion. The analysis shows that variable execution times may counterintuitively increase the worst-case reaction time, and that increasing the number or load of camera-processing chains can cause the required reaction-time bound of 850 time units to be violated.","Sec. 2.1, pp. 297–298; Sec. 3.3, pp. 303–304; Sec. 4, pp. 304–309; Sec. 5, pp. 309–310; Sec. 6, pp. 310–312; Sec. 7, pp. 312–316; Tables 3 and 5–8",IMP-FA,EP-PROP,"Primary and only defect code. Deadline violations and maximum-reaction-time properties are defined and evaluated over author-created formal models. Validation against the previously published simulation benchmark supports semantic consistency, but does not establish that the modeled deadline violations occurred in a deployed ROS 2 system.",,,,,,
TBD,DiNeROS: A Model-Driven Framework for Verifiable ROS Applications with Petri Nets,SEF,REL,CODE,Full,"DiNeROS explicitly models the bounded outgoing publisher queue, node-level dispatcher queue, and subscriber callback queue. Overflow transitions are inserted into the flattened Petri net and checked through reachability analysis. In the case study, increasing the number of objects without consistently adjusting queue capacities causes controller-side overflow; another configuration causes the user-interface callback queue to overflow when communication is delayed.","Sec. II, p. 792; Sec. V-C and V-E, pp. 795–797; Sec. VI-A.1–A.2, p. 798; Figs. 5 and 9",IMP-FA,EP-SEED,"Primary code. The faults are constructed by changing object counts, queue capacities, and communication conditions in the case-study model. Queue overflow and callback-message loss belong to SEF rather than ICF.",,,,,,
TBD,DiNeROS: A Model-Driven Framework for Verifiable ROS Applications with Petri Nets,BSE,REL,SEM,Full,"The evaluation introduces an input condition Danger ∧ ¬Danger, which permanently disables the associated transition and makes the unsafe state unreachable after initialization. A second condition makes PickSuccess constantly false, preventing the pick service from returning and thereby blocking all robots. Both faults are detected through reachability and LTL analysis of the Petri-net model.","Sec. V-C.3, pp. 796–797; Sec. VI-A.3, pp. 798–799; Fig. 7; Fig. 9",IMP-FA; IMP-OA,EP-SEED,"Independent secondary fault family. The root cause is an invalid behavioral condition or workflow predicate, not a ROS interface or generic source-code error.",,,,,,
TBD,Distributed Petri Nets for Model-Driven Verifiable Robotic Applications in ROS,ICF,REL,SEM,Full,"The paper directly models and verifies structural and communication relationships among ROS nodes, topics, services, publishers, subscribers, clients, and servers. Its Net Analyzer searches Petri-net state spaces for publisher, dispatcher, and subscriber queue overflow; unused topic channels; services that are never called or never return; and nodes whose transitions are all dead. In the evaluated scenario, developers add two new object types and modify publisher-side capacities without correspondingly increasing the subscriber-side capacity. DiNeROS reaches a state in which the topic overflow transition is enabled, thereby detecting the inconsistent communication configuration.","Secs. 5.3–5.5, journal pp. 539–545 / PDF pp. 9–15; Sec. 7.1 and Algorithms 1–3, journal pp. 548–549 / PDF pp. 18–19; Sec. 9.2.1, journal p. 552 / PDF p. 22",IMP-FA,EP-SEED,"ICF, rather than SEF, because the demonstrated overflow originates from inconsistent topic-channel capacity configuration across communicating components. It is not caused by a long-running callback, executor scheduling, or runtime queue starvation. The defect scenario is deliberately constructed by the authors.",,,,,,
TBD,Distributed Petri Nets for Model-Driven Verifiable Robotic Applications in ROS,BSE,REL,SEM,Full,"The study directly evaluates invalid behavioral and logical conditions in the Petri-net workflow. An unsatisfiable condition such as Danger ∧ ¬Danger permanently disables the associated transition and prevents the safety model from returning to the unsafe state. A second example makes ICPickSuccess constantly false, preventing the pick service from returning and blocking the robots. In the case-study scenario, changing the sensor signal clause to an unsatisfiable expression causes the Sensor and Pick services never to return, the Place service never to be called, the UI topic to remain unused, and ultimately blocks the complete application.","Sec. 7.2, journal p. 549 / PDF p. 19; Sec. 9.2.2, journal p. 552 / PDF p. 22",IMP-OA,EP-SEED,"The root cause is an unsatisfiable domain or workflow condition, not incorrect ROS endpoint wiring. Therefore, this distinct fault family is coded as BSE. The downstream service and topic failures are consequences of the invalid behavioral condition and should not be counted again as separate ICF instances for this scenario.",,,,,,
TBD,Formal Verification of ROS Based Systems Using a Linear Logic Theorem Prover,ICF,REL,SEM,Full,"The study directly verifies ROS computational-graph consistency and compatibility properties, including idle publishers and subscribers, publisher–subscriber type consistency, multiple publishers to the same topic, compatibility of newly added components, and whether the graph can realize a required behavior. In the evaluated bad design, the authors remove the cmd_vel_mux node and connect velocity outputs from both kobuki_keyop and kobuki_safety_controller directly to the mobile-base velocity topic. The theorem prover cannot prove the original single-command behavior property, exposing an architectural interaction flaw that may result in unpredictable robot behavior.","Sec. I, PDF p. 1; Sec. IV-A, PDF pp. 3–4, Figs. 2–5; Sec. IV-B, PDF pp. 4–5, Figs. 6–7",IMP-FA,EP-SEED,"ICF is preferred over BSE for this fault instance because its earliest root cause is the removal of an arbitration component and the resulting incorrect relationship among publishers, topic, and subscriber. The unpredictable motion is the consequence, not the root-cause category.",,,,,,
TBD,Formal Verification of ROS Based Systems Using a Linear Logic Theorem Prover,BSE,REL,SEM,Full,"The dynamic verification experiment encodes three behavioral safety rules that classify which combinations of bumper, wheel-drop, and cliff sensor states are acceptable. The authors inject a stuck-on fault into the center bumper signal. After the simulated robot collides, it cannot recover and moves incorrectly; the sensor monitor marks the signal as faulty, the linear-logic verifier determines that the weakest safety rule is no longer satisfied, and the system disables the robot by unloading the velocity multiplexer. This is a distinct behavioral-property and sensor-semantics fault family.","Sec. V-A, PDF pp. 4–5, Figs. 8–9; Sec. V-B, PDF pp. 5–6, definitions of SR1–SR3; Sec. V-C, PDF p. 6",IMP-FA,EP-SEED,The injected sensor fault is coded BSE because verification is based on explicit domain and behavioral safety constraints over sensor meanings. The monitor and shutdown response are detection and mitigation mechanisms. The authors explicitly describe this experiment as a proof of concept rather than a certified functional-safety system.,,,,,,
TBD,Formal Analysis and Detection for ROS2 Communication Security Vulnerability,ROS2-ICAPP,VUL,I,Full,"In the SROS2 experiment, unauthenticated attacker nodes are blocked, whereas attacker nodes that have become authorized can successfully execute all seven topic, service, and action attacks. The authors attribute this result to the absence of a reliable mechanism for remotely transmitting SROS2 security profiles: intercepted profiles can be reused to achieve identity authentication and gain communication privileges.","Sec. 6.2.2, pp. 17–18; Table 2, p. 18",IMP-DS; IMP-DT,EP-OBS,Primary code. The experiment directly analyzes insufficient protection of SROS2 security profiles and the resulting authenticated privilege abuse.,,,,,,
TBD,Formal Analysis and Detection for ROS2 Communication Security Vulnerability,ROS2-MPIB,VUL,I,Full,"ROS2Tester obtains the target topic name and type, creates a malicious publisher in the same communication domain, constructs a forged message, and publishes it to the target topic. All subscribers receive the false message. The attack succeeds in default ROS 2 and also succeeds against SROS2 when the attacker has an authorized identity.","Sec. 3.1(3), p. 4; Sec. 4.1.1–4.1.2, pp. 7–8; Sec. 5.3.1, pp. 13–14; Table 2, p. 18",IMP-DT,EP-OBS,Independent secondary code. The experiment demonstrates that messages on a shared topic are accepted from a malicious publisher without reliable binding to the intended legitimate source.,,,,,,
TBD,ROSCallBaX: Statically Detecting Inconsistencies in Callback Function Setup of Robotic Systems,SEF,REL,CODE,Full,"ROSCallBaX detects incorrect compositions of callback execution elements, including callback deadlocks, using a single-threaded executor for callbacks intended to execute concurrently, assigning callback groups to incompatible or multiple executors, spinning an executor from multiple threads, spinning from inside callbacks, missing spin operations, multiple blocking spins, unsupported nested spins and callbacks disabled by prematurely destroyed local objects. These faults can prevent callbacks from executing, halt processing, introduce races or deadlocks, and increase response time. The tool detected 92 cases across forum-derived programs and public ROS projects with an 88.04% true-positive rate.","Sec. 2.2–2.4, pp. 5–8; Sec. 3.1–3.3, pp. 8–15; Tables 5–7, pp. 13–17; Sec. 4, pp. 15–20",IMP-FA,EP-OBS,"Primary and only defect code. The forum dataset contains reconstructed examples, while the project dataset provides observed inconsistencies in real public ROS code.",,,,,,
TBD,A Novel Solution for Securing Robot Communications Based on the MQTT Protocol and ROS,ROS1-LE,VUL,C,Full,"The paper identifies that native ROS communications transmit topic and service data in cleartext over TCP/IP or UDP/IP and therefore permit eavesdropping and interception. The proposed architecture routes remote communication through an MQTT Mosquitto broker configured with TLS and X.509 certificates, providing payload encryption. The authors implement the secured and unsecured configurations on three surveillance robots and measure the resulting connection delay, message throughput, and message rate.","Abstract and Sec. I, PDF p. 1; Sec. III, PDF p. 2; Sec. IV-A–B, PDF pp. 3–4, Fig. 1; Sec. V, PDF pp. 4–5, Tables I–III and Figs. 3–4; Sec. VI, PDF p. 6",IMP-DS,EP-OBS,"Full because encryption is a direct implemented and evaluated component of the method. The performance experiment does not itself prove resistance to eavesdropping, but it directly evaluates the deployed TLS-protected communication architecture. Internal ROS communications remain unencrypted, which the authors acknowledge as a limitation.",,,,,,
TBD,A Novel Solution for Securing Robot Communications Based on the MQTT Protocol and ROS,ROS1-LNA,VUL,I,Full,"The study explicitly identifies the absence of built-in ROS authentication as a weakness that allows remote, untrusted entities to access robot resources. In the proposed architecture, remote clients must authenticate to the MQTT broker using valid X.509 digital certificates before a secure channel with the robots can be established. The implemented experiments compare communication without authentication and certificates against communication with certificate-based client–server authentication.","Sec. I, PDF p. 1; Sec. II, PDF pp. 1–2; Sec. IV-A–B, PDF p. 3, Fig. 1; Sec. V, PDF p. 4; Sec. VI, PDF p. 6",IMP-DT,EP-OBS,"Full because authentication is not merely recommended: certificate-based authentication is implemented in the evaluated architecture. The paper does not test certificate forgery or authentication bypass, so the evidence demonstrates deployment of the control rather than adversarial robustness.",,,,,,
TBD,A Novel Solution for Securing Robot Communications Based on the MQTT Protocol and ROS,ROS1-UTA,VUL,I,Partial,"The paper states that default ROS access permits clients to publish and subscribe broadly and explains that MQTT Access Control Lists can restrict which clients may access particular topics and which actions they may perform. The architecture also prevents unauthenticated remote clients from directly reaching ROS topics. However, the experiments focus on TLS authentication, encryption, and performance and do not report a concrete ACL policy, an unauthorized publish/subscribe attempt, or topic-level authorization results.","Sec. II, PDF p. 1; Sec. III, PDF p. 2; Sec. IV-A–B, PDF p. 3; Sec. VI, PDF p. 6",IMP-DT,EP-CLAIM,"Partial because access control is an explicit architectural capability and security objective, but it is not separately instantiated and evaluated with an unauthorized topic or service operation. Authentication alone should not be treated as evidence of fine-grained authorization.",,,,,,
TBD,From Models To Software Through Automatic Transformations: An AADL To ROS End-to-End Toolchain,ICF,REL,SEM,Partial,"The AADL model represents ROS nodes as processes, node functionality as threads, and publisher–subscriber interaction through typed ports and explicit connections. Connected thread and process ports are required to share the same data type, while topic names, message types, publication rates and node relationships are propagated into the generated ROS implementation. The authors state that use of the approach in an autonomous-wheelchair architecture solved existing design errors and inconsistencies, but the individual defects and validation procedure are not reported.","Sec. II, p. 581; Sec. IV, pp. 581–582; Sec. V, pp. 582–585; Sec. VI, p. 585",IMP-FA,EP-CLAIM,"Primary code. The mechanism directly maintains consistency among ports, types, topics, connections and generated ROS components, but evidence is primarily a capability and use-case claim.",,,,,,
TBD,From Models To Software Through Automatic Transformations: An AADL To ROS End-to-End Toolchain,BDF,REL,CODE,Partial,"The generator produces compilation-ready ROS packages containing CMakeLists.txt, package.xml, launch files, executable declarations, custom messages, services and required library dependencies. This automation can prevent missing or inconsistent build and packaging configuration, although the paper does not present a concrete build or dependency fault detected in an experiment.","Abstract, p. 580; Sec. V-B, pp. 583–585; Sec. VI, p. 585",IMP-OA,EP-CLAIM,Secondary code. Retain only as Partial because build-fault coverage is inferred from explicit artifact generation rather than demonstrated defect cases.,,,,,,
TBD,On the (In)Security of Secure ROS2,ROS2-ICAPP,VUL,I,Full,"The study identifies and experimentally validates two failures in SROS2 credential and policy handling. In V1, SROS2 does not actively revoke old permission files; a malicious robot can retain an expired, correctly signed file and later reload it to recover publish or subscribe privileges that the system owner has revoked. In V2, DDS access-control policies are refreshed only when the corresponding participant or node service is reinitialized, allowing a malicious robot to refuse reinitialization and continue operating under outdated permissions. The attacks permit unauthorized topic access, forged GPS publication, door-control manipulation, workload termination, and physical robot crashes.","Secs. 4.1–4.3, PDF pp. 4–6; Secs. 5.1–5.2, PDF pp. 7–8, Fig. 5; Secs. 6.2–6.3, PDF pp. 8–10, Figs. 6–7",IMP-DT,EP-OBS,"ROS2-ICAPP is preferred because the earliest root cause is the inadequate lifecycle protection and synchronization of permission policies between the owner, SROS2, and DDS layers. Unauthorized publishing and subscribing are consequences of this policy-protection failure. Both vulnerabilities are found through model-checking counterexamples and validated in simulation and on physical robots.",,,,,,
TBD,On the (In)Security of Secure ROS2,ROS2-ILE,VUL,C,Full,"V3 shows that the default RTPS protection setting uses signing without encryption, allowing a malicious robot to recover node, topic, publisher, subscriber, and communication-topology information despite SROS2 being enabled. The authors exploit this configuration with a ROS 2 fingerprinting tool to infer robot positions, tasks, and control structures in simulated and physical workloads. V4 further shows that SROS2 permission files remain in plaintext and that official project templates often contain excessive information about other nodes and their topic permissions, enabling local policy and configuration disclosure.","Sec. 2.4, PDF p. 3; Secs. 5.3–5.4, PDF p. 8; Secs. 6.2–6.3, PDF pp. 8–10, Fig. 8",IMP-DS,EP-OBS,"Full because information leakage is directly analyzed and exploited. V3 overlaps with previously reported DDS-related CVEs, but the paper independently demonstrates the effect within complete SROS2 robotic workloads. V4 is not merely a general least-privilege recommendation: the authors inspect official permission-file examples and demonstrate that their plaintext, over-inclusive contents disclose security information.",,,,,,
TBD,ROSDiscover: Statically Detecting Run-Time Architecture Misconfigurations in Robotics Systems,ICF,REL,SEM,Full,"ROSDiscover detects inconsistent composition and configuration of ROS components, including mismatched topic names, incompatible publisher/subscriber message types, incorrect topic remappings, dangling communication endpoints, missing parameters and parameters configured with incompatible names, paths or types. The Autoware example in Figure 1 shows that renaming a publisher topic from line_class to line without updating subscribers disconnects the nodes and silently prevents message delivery. The evaluation corpus contains real configuration bugs from AutoRally, Autoware, MAVROS, Husky and TurtleBot.","Sec. I–II, pp. 112–114; Fig. 1, p. 114; Sec. III, pp. 115–117; Sec. IV-C, pp. 119–120; Tables I and VI",IMP-FA,EP-OBS,"Primary and only defect code. The faults are reproduced from real historical commits and checked against corrected versions. They concern ROS component interfaces, connectors, parameters and launch-time composition.",,,,,,
